,Date,Station,Precip,Temp Max,Temp Min,Wind Speed,Soil Temp Max,Soil Temp Min,Solar,Humidity Max,Humidity Min
0,1982-06,FRESNO.A,0.0,89.143,60.714,6.571,78.571,73.714,591.286,83.929,33.329
1,1982-07,FRESNO.A,0.0,98.208,61.125,5.583,78.125,74.0,636.75,76.908,15.138
2,1982-08,FRESNO.A,0.0,99.391,63.0,5.348,78.217,75.0,557.13,77.37,14.43
3,1982-09,FRESNO.A,0.325,89.565,55.348,4.435,73.478,71.13,449.217,91.83,23.887
4,1982-10,FRESNO.A,0.004,81.968,44.355,4.032,65.71,63.032,327.613,95.577,25.632
5,1982-11,FRESNO.A,0.233,61.033,40.233,3.833,56.733,55.133,187.333,98.127,47.88
6,1982-12,FRESNO.A,0.096,56.952,34.333,3.714,50.762,48.952,135.238,98.457,46.138
7,1983-01,FRESNO.A,0.233,53.0,37.3,4.367,48.4,47.1,124.967,96.18,60.447
8,1983-02,FRESNO.A,0.152,64.885,41.885,4.654,52.962,50.731,216.038,98.131,65.569
9,1983-03,FRESNO.A,0.155,68.194,44.581,4.968,57.29,54.935,326.323,96.084,60.287
10,1983-04,FRESNO.A,0.081,72.133,43.7,5.667,59.867,56.8,458.533,92.387,36.74
11,1983-05,FRESNO.A,0.003,85.968,51.871,6.226,66.516,63.032,606.516,88.303,25.268
12,1983-06,FRESNO.A,0.0,93.1,57.167,6.2,74.3,70.567,639.133,81.737,17.15
13,1983-07,FRESNO.A,0.0,96.645,58.355,5.613,76.0,72.581,643.355,82.677,14.81
14,1983-08,FRESNO.A,0.004,99.484,63.677,4.258,78.161,75.226,512.129,81.432,22.758
15,1983-09,FRESNO.A,0.031,95.667,59.167,4.133,74.833,72.233,443.9,84.607,25.097
16,1983-10,FRESNO.A,0.014,85.467,50.133,3.367,68.333,65.533,320.767,91.673,32.253
17,1983-11,FRESNO.A,0.104,63.429,42.464,3.857,59.071,57.143,163.536,87.711,51.243
18,1983-12,FRESNO.A,0.082,57.276,41.862,4.069,53.0,51.621,127.655,87.238,61.869
19,1984-01,FRESNO.A,0.008,55.517,37.931,3.034,51.448,49.862,149.276,87.324,59.017
20,1984-02,FRESNO.A,0.047,61.963,37.185,3.926,52.222,49.63,293.407,85.193,40.026
21,1984-03,FRESNO.A,0.024,70.548,43.0,4.871,57.226,54.516,434.065,77.268,21.542
22,1984-04,FRESNO.A,0.008,72.5,44.567,6.333,61.8,59.033,549.667,61.427,15.133
23,1984-05,FRESNO.A,0.0,87.367,55.167,6.9,68.933,65.7,667.967,44.643,10.7
24,1984-06,FRESNO.A,0.008,90.267,58.233,5.767,75.433,71.7,689.233,50.133,10.597
25,1984-07,FRESNO.A,0.0,99.613,67.452,4.71,81.097,77.484,645.484,72.365,23.377
26,1984-08,FRESNO.A,0.0,95.517,63.966,4.828,79.103,75.793,581.31,81.817,25.417
27,1984-09,FRESNO.A,0.0,93.333,61.6,4.1,76.433,74.067,491.0,83.33,23.613
28,1984-10,FRESNO.A,0.026,73.387,46.903,3.935,65.903,63.645,341.903,93.906,43.584
29,1984-11,FRESNO.A,0.072,63.519,41.222,4.259,57.593,56.0,208.037,96.463,59.293
30,1984-12,FRESNO.A,0.091,53.556,36.63,4.185,50.778,49.778,139.63,95.3,69.189
31,1985-01,FRESNO.A,0.023,48.419,32.581,3.032,47.903,46.839,126.355,96.887,76.79
32,1985-02,FRESNO.A,0.037,63.571,35.286,3.321,49.321,46.964,298.786,93.832,46.568
33,1985-03,FRESNO.A,0.059,63.8,38.6,4.833,54.2,51.7,392.733,91.103,43.287
34,1985-04,FRESNO.A,0.003,80.033,49.2,5.267,63.567,60.467,562.3,69.95,19.857
35,1985-05,FRESNO.A,0.0,82.517,52.276,6.069,69.828,65.793,660.966,82.672,26.028
36,1985-06,FRESNO.A,0.013,95.433,62.9,4.933,86.633,73.3,680.233,80.067,22.993
37,1985-07,FRESNO.A,0.001,98.839,66.581,4.677,88.29,76.806,618.419,81.016,19.81
38,1985-08,FRESNO.A,0.0,93.323,60.226,4.419,85.935,71.968,610.387,90.013,23.797
39,1985-09,FRESNO.A,0.0,83.464,57.107,4.679,81.5,67.893,454.714,89.554,38.843
40,1985-10,FRESNO.A,0.0,79.571,46.0,2.929,70.357,59.0,401.429,87.25,30.579
41,1985-11,FRESNO.A,0.044,67.286,42.143,3.286,59.286,53.286,247.429,100.0,62.357
42,1985-12,FRESNO.A,0.021,46.852,35.556,2.519,47.778,44.926,113.778,99.344,87.541
43,1986-01,FRESNO.A,0.051,60.742,44.452,3.387,54.29,50.323,161.613,96.229,74.087
44,1986-02,FRESNO.A,0.156,63.296,44.222,4.889,55.407,51.074,242.0,94.7,68.263
45,1986-03,FRESNO.A,0.069,69.903,47.097,3.645,59.355,55.419,353.0,94.645,64.694
46,1986-04,FRESNO.A,0.033,73.933,46.6,4.9,64.5,57.967,535.033,90.967,37.8
47,1986-05,FRESNO.A,0.004,84.516,52.452,5.581,74.452,63.968,589.29,79.655,20.577
48,1986-06,FRESNO.A,0.0,92.643,59.786,6.0,79.643,70.286,700.786,75.518,16.046
49,1986-07,FRESNO.A,0.0,95.3,62.833,4.967,82.067,72.6,648.233,70.627,15.193
50,1986-08,FRESNO.A,0.0,99.233,63.2,4.567,83.067,73.233,586.933,75.66,11.407
51,1986-09,FRESNO.A,0.0,92.455,58.909,4.182,80.364,69.455,505.909,82.009,15.709
52,1986-10,FRESNO.A,0.0,80.0,48.839,3.548,67.968,59.677,350.161,83.861,27.045
53,1986-11,FRESNO.A,0.003,70.167,38.967,3.0,57.767,55.467,247.0,84.387,31.077
54,1986-12,FRESNO.A,0.054,53.548,37.968,2.903,50.935,49.613,109.871,86.777,67.223
55,1987-01,FRESNO.A,0.074,52.645,35.065,3.484,47.065,45.581,156.258,84.839,62.171
56,1987-02,FRESNO.A,0.088,62.679,40.214,3.786,51.5,49.5,273.107,83.896,45.954
57,1987-03,FRESNO.A,0.085,66.129,42.935,3.935,54.968,52.645,366.581,83.645,44.158
58,1987-04,FRESNO.A,0.001,82.033,48.9,4.333,63.0,59.567,536.567,80.903,22.183
59,1987-05,FRESNO.A,0.005,86.452,55.742,5.387,71.097,67.613,604.161,74.619,18.097
60,1987-06,FRESNO.A,0.0,93.444,60.278,5.5,75.778,72.333,642.5,67.722,14.156
61,1987-07,FRESNO.A,0.0,91.65,59.05,5.7,76.7,74.0,649.5,65.905,13.255
62,1987-08,FRESNO.A,0.0,95.806,61.774,4.677,77.129,74.355,581.258,71.745,12.465
63,1987-09,FRESNO.A,0.0,90.828,57.517,3.759,73.724,71.379,440.862,73.21,14.903
64,1987-10,FRESNO.A,0.028,83.065,55.0,3.387,69.065,67.29,323.323,83.152,34.81
65,1987-11,FRESNO.A,0.017,63.714,42.179,3.143,59.036,57.429,195.107,96.093,60.65
66,1987-12,FRESNO.A,0.018,58.368,38.684,4.211,51.632,49.842,138.053,93.368,62.932
67,1988-01,FRESNO.A,0.046,56.29,37.323,3.452,47.71,45.581,173.839,95.539,66.374
68,1988-02,FRESNO.A,0.031,67.69,37.0,2.483,50.828,47.172,294.483,94.269,41.493
69,1988-03,FRESNO.A,0.003,71.9,41.633,4.167,58.067,53.833,461.533,88.24,30.25
70,1988-04,FRESNO.A,0.085,74.3,48.267,4.667,63.367,59.367,448.667,86.687,34.63
71,1988-05,FRESNO.A,0.006,83.571,51.107,4.036,69.214,64.25,662.714,88.543,26.721
72,1988-06,FRESNO.A,0.003,90.267,58.7,5.967,73.633,69.333,680.5,84.417,28.663
73,1988-07,FRESNO.A,0.001,100.581,65.968,5.194,77.968,73.774,702.0,83.806,20.039
74,1988-08,FRESNO.A,0.0,95.613,62.516,4.516,77.613,73.742,602.226,90.768,25.865
75,1988-09,FRESNO.A,0.0,92.12,58.32,3.68,75.32,72.04,498.88,93.908,25.404
76,1988-10,FRESNO.A,0.0,82.389,48.667,2.667,67.667,64.111,323.722,97.461,44.561
77,1988-11,FRESNO.A,0.066,64.9,42.633,3.8,60.167,57.867,205.9,98.313,62.957
78,1988-12,FRESNO.A,0.096,54.964,36.393,3.429,52.321,50.5,136.357,97.771,70.493
79,1989-01,FRESNO.A,0.017,55.867,31.233,3.133,47.3,45.333,196.867,100.0,61.993
80,1989-02,FRESNO.A,0.054,60.25,37.429,3.679,50.25,46.571,254.321,99.571,54.939
81,1989-03,FRESNO.A,0.079,69.871,45.194,4.71,54.129,52.226,374.774,97.923,49.323
82,1989-04,FRESNO.A,0.003,81.233,50.033,4.833,67.033,61.867,549.6,95.857,40.137
83,1989-05,FRESNO.A,0.031,82.393,52.679,5.357,71.464,66.643,622.143,89.543,36.0
84,1989-06,FRESNO.A,0.0,89.345,58.621,5.655,78.414,71.724,703.966,77.866,35.497
85,1989-07,FRESNO.A,0.0,94.774,61.258,5.581,80.226,74.613,700.161,73.387,33.284
86,1989-08,FRESNO.A,0.001,91.613,59.452,4.871,78.839,73.645,613.323,84.152,38.265
87,1989-09,FRESNO.A,0.029,86.667,55.933,4.333,74.467,70.1,484.9,91.077,40.373
88,1989-10,FRESNO.A,0.017,77.0,48.1,3.667,64.5,62.0,376.0,93.493,43.173
89,1989-11,FRESNO.A,0.021,68.5,37.5,2.533,54.967,53.533,254.467,97.92,46.943
90,1989-12,FRESNO.A,0.0,54.484,31.29,2.581,47.871,47.129,164.065,99.219,64.145
91,1990-01,FRESNO.A,0.115,55.839,34.097,3.548,46.71,45.645,186.29,97.31,61.345
92,1990-02,FRESNO.A,0.062,58.5,36.036,4.857,47.0,45.929,292.571,93.489,47.946
93,1990-03,FRESNO.A,0.028,67.767,43.5,4.167,53.433,52.2,399.233,94.337,48.003
94,1990-04,FRESNO.A,0.037,76.667,49.767,5.133,61.267,60.033,537.333,89.62,43.363
95,1990-05,FRESNO.A,0.057,78.935,51.935,5.452,67.452,65.129,628.355,83.081,41.248
96,1990-06,FRESNO.A,0.0,88.045,57.364,5.955,74.409,70.227,728.091,68.373,30.891
97,1990-07,FRESNO.A,0.0,95.613,64.839,5.613,78.935,74.323,688.323,66.013,34.206
98,1990-08,FRESNO.A,0.0,94.947,65.947,5.737,79.579,75.842,599.158,70.389,37.774
99,1990-09,FRESNO.A,0.004,85.316,56.842,4.526,68.474,66.316,457.263,82.168,42.537
100,1990-10,FRESNO.A,0.0,81.968,48.161,3.581,64.742,61.387,365.129,78.571,36.874
101,1990-11,FRESNO.A,0.016,66.567,36.133,3.2,56.067,53.1,251.133,83.117,40.82
102,1990-12,FRESNO.A,0.024,53.065,28.355,2.968,46.903,44.548,195.613,93.387,52.49
103,1991-01,FRESNO.A,0.004,57.548,34.355,2.839,46.516,43.935,187.548,94.071,56.532
104,1991-02,FRESNO.A,0.042,68.321,41.0,3.964,50.929,47.536,294.0,94.621,50.389
105,1991-03,FRESNO.A,0.272,59.742,41.871,5.774,51.548,48.065,331.645,92.158,57.91
106,1991-04,FRESNO.A,0.0,70.5,44.333,6.6,59.667,54.3,578.133,90.267,45.477
107,1991-05,FRESNO.A,0.001,77.194,49.613,6.452,65.903,60.226,636.0,80.49,40.074
108,1991-06,FRESNO.A,0.0,86.367,56.367,5.633,73.633,66.833,691.633,64.373,31.48
109,1991-07,FRESNO.A,0.0,95.29,64.548,4.935,76.645,71.452,659.613,66.626,33.661
110,1991-08,FRESNO.A,0.0,89.935,61.032,5.129,74.097,68.871,574.0,66.161,32.432
111,1991-09,FRESNO.A,0.0,92.393,60.714,3.786,72.75,68.036,471.607,71.507,34.311
112,1991-10,FRESNO.A,0.024,82.536,52.214,3.571,66.143,62.429,362.393,76.743,38.975
113,1991-11,FRESNO.A,0.003,66.833,40.733,3.3,55.833,52.5,243.433,87.827,45.413
114,1991-12,FRESNO.A,0.054,56.679,34.929,3.393,49.357,46.536,156.929,88.896,46.839
115,1992-01,FRESNO.A,0.066,48.533,35.6,3.4,48.433,46.833,112.9,98.917,70.863
116,1992-02,FRESNO.A,0.114,65.172,44.759,4.69,54.207,51.345,243.517,91.655,41.579
117,1992-03,FRESNO.A,0.054,67.581,47.516,4.161,59.0,56.484,359.258,90.429,36.223
118,1992-04,FRESNO.A,0.003,78.533,50.1,5.167,65.933,61.867,540.867,81.113,20.377
119,1992-05,FRESNO.A,0.0,88.194,58.742,5.645,78.129,73.194,628.968,69.752,25.245
120,1992-06,FRESNO.A,0.0,88.367,60.467,6.033,80.2,76.1,660.133,69.427,28.107
121,1992-07,FRESNO.A,0.0,93.607,62.607,5.571,79.679,76.0,657.857,70.164,26.886
122,1992-08,FRESNO.A,0.0,96.452,62.71,4.484,80.613,77.194,595.645,68.781,20.081
123,1992-09,FRESNO.A,0.0,91.5,57.333,4.0,76.6,73.833,488.033,76.597,24.297
124,1992-10,FRESNO.A,0.0,85.75,52.25,3.625,72.062,69.688,391.125,80.638,27.306
125,1992-11,FRESNO.A,0.0,64.176,38.412,2.941,59.294,57.882,208.706,94.929,44.912
126,1992-12,FRESNO.A,0.081,53.935,36.129,4.194,53.613,52.161,162.871,96.081,63.152
127,1993-01,FRESNO.A,0.194,55.387,40.29,4.419,52.323,51.0,148.0,97.394,71.942
128,1993-02,FRESNO.A,0.101,61.929,41.679,4.214,54.143,52.536,253.25,95.071,53.979
129,1993-03,FRESNO.A,0.06,70.839,48.0,4.0,60.323,57.484,372.581,96.706,53.577
130,1993-04,FRESNO.A,0.005,72.967,46.5,5.767,63.8,60.333,551.867,91.907,40.173
131,1993-05,FRESNO.A,0.01,82.71,53.548,5.903,70.839,66.516,632.387,82.455,28.39
132,1993-06,FRESNO.A,0.009,88.033,57.6,6.067,76.3,72.3,678.1,78.89,27.11
133,1993-07,FRESNO.A,0.0,92.355,61.065,5.29,78.516,74.645,706.871,77.126,27.348
134,1993-08,FRESNO.A,0.0,92.387,60.774,5.032,78.419,75.903,612.097,81.09,25.9
135,1993-09,FRESNO.A,0.0,89.933,55.833,4.033,74.833,71.7,514.3,83.23,26.847
136,1993-10,FRESNO.A,0.003,80.645,51.419,3.258,69.29,66.903,344.323,90.745,37.858
137,1993-11,FRESNO.A,0.03,66.6,38.733,3.267,59.633,57.733,244.567,92.703,40.883
138,1993-12,FRESNO.A,0.035,53.645,36.452,3.355,53.323,52.323,153.387,98.219,70.048
139,1994-01,FRESNO.A,0.043,58.226,35.613,3.194,51.452,50.0,188.903,98.503,62.532
140,1994-02,FRESNO.A,0.071,60.679,38.321,4.0,52.179,50.393,264.929,97.121,54.025
141,1994-03,FRESNO.A,0.017,70.903,44.806,4.355,59.452,56.516,430.419,94.642,47.042
142,1994-04,FRESNO.A,0.051,74.333,48.0,5.233,63.867,61.1,516.567,89.997,38.957
143,1994-05,FRESNO.A,0.046,79.194,53.839,5.452,71.097,66.581,588.226,88.052,37.703
144,1994-06,FRESNO.A,0.0,90.9,57.7,6.033,75.567,70.833,720.733,70.527,22.12
145,1994-07,FRESNO.A,0.0,95.839,63.161,5.0,79.097,74.806,676.71,76.177,24.587
146,1994-08,FRESNO.A,0.0,95.71,60.871,4.581,78.613,74.613,613.774,73.203,21.994
147,1994-09,FRESNO.A,0.003,88.033,57.133,4.033,75.4,71.8,457.7,84.95,29.63
148,1994-10,FRESNO.A,0.028,76.871,48.0,3.484,68.161,64.839,364.097,91.861,36.239
149,1994-11,FRESNO.A,0.043,57.633,36.267,3.967,56.733,54.567,211.267,95.617,56.117
150,1994-12,FRESNO.A,0.04,52.129,37.452,3.516,51.839,50.323,123.581,98.297,74.842
151,1995-01,FRESNO.A,0.173,59.032,44.839,4.516,53.355,51.774,132.484,97.623,72.865
152,1995-02,FRESNO.A,0.03,61.821,45.5,3.214,56.393,54.571,218.179,98.139,72.546
153,1995-03,FRESNO.A,0.196,65.355,45.806,4.774,59.935,56.613,361.935,97.632,58.455
154,1995-04,FRESNO.A,0.04,70.867,46.533,5.333,63.233,59.4,508.7,94.07,45.08
155,1995-05,FRESNO.A,0.043,76.452,52.323,5.258,68.935,65.065,588.742,90.529,43.59
156,1995-06,FRESNO.A,0.022,85.167,56.3,5.8,76.067,69.533,587.567,83.463,32.713
157,1995-07,FRESNO.A,0.0,93.065,62.806,5.258,79.871,75.419,707.065,81.432,31.635
158,1995-08,FRESNO.A,0.0,95.065,62.194,4.484,81.226,75.742,644.032,80.587,28.252
159,1995-09,FRESNO.A,0.0,89.767,58.533,4.167,76.8,72.5,530.3,84.823,31.957
160,1995-10,FRESNO.A,0.0,81.387,49.387,3.194,69.29,65.355,382.161,88.158,33.894
161,1995-11,FRESNO.A,0.0,72.767,43.4,2.8,62.367,59.6,264.733,94.853,47.377
162,1995-12,FRESNO.A,0.067,58.935,41.355,3.387,56.29,54.645,139.323,97.423,68.845
163,1996-01,FRESNO.A,0.068,56.484,40.871,4.194,54.226,53.032,166.677,98.097,71.716
164,1996-02,FRESNO.A,0.115,63.414,45.448,4.138,57.276,55.517,232.759,98.362,67.459
165,1996-03,FRESNO.A,0.063,69.065,43.645,4.161,60.226,56.871,434.323,96.971,52.306
166,1996-04,FRESNO.A,0.045,75.367,47.8,5.533,65.0,61.1,565.533,92.99,40.747
167,1996-05,FRESNO.A,0.015,81.355,52.645,6.065,71.355,67.742,609.742,81.532,30.242
168,1996-06,FRESNO.A,0.001,89.7,58.6,5.4,76.167,72.133,640.367,79.823,28.487
169,1996-07,FRESNO.A,0.0,97.548,65.194,4.774,80.742,76.839,619.968,75.423,26.319
170,1996-08,FRESNO.A,0.0,96.419,63.129,4.484,80.806,77.419,560.903,81.194,26.784
171,1996-09,FRESNO.A,0.0,87.833,54.7,4.1,73.667,70.667,467.867,86.54,29.133
172,1996-10,FRESNO.A,0.073,76.643,48.107,4.286,68.286,65.357,327.179,90.761,37.904
173,1996-11,FRESNO.A,0.076,63.767,42.9,3.333,56.7,55.0,192.9,98.87,67.107
174,1996-12,FRESNO.A,0.155,56.667,41.9,3.967,53.733,52.333,122.7,98.983,78.057
175,1997-01,FRESNO.A,0.136,56.194,42.258,3.677,52.258,51.032,139.871,98.406,77.229
176,1997-02,FRESNO.A,0.009,62.321,39.0,3.893,52.929,51.393,265.857,96.65,57.875
177,1997-03,FRESNO.A,0.004,73.645,44.484,4.452,60.065,56.742,403.935,94.565,39.148
178,1997-04,FRESNO.A,0.0,75.6,47.267,6.567,64.267,60.833,617.233,85.257,30.96
179,1997-05,FRESNO.A,0.003,87.741,58.0,6.259,71.593,68.074,664.778,75.759,28.859
180,1997-06,FRESNO.A,0.001,87.067,59.3,6.067,75.0,71.933,687.867,78.037,32.06
181,1997-07,FRESNO.A,0.0,93.194,62.839,4.935,80.774,76.645,669.548,78.229,29.548
182,1997-08,FRESNO.A,0.0,93.065,62.839,4.645,79.839,76.935,641.484,82.429,32.539
183,1997-09,FRESNO.A,0.003,90.067,60.4,4.167,76.2,73.567,519.8,84.743,34.007
184,1997-10,FRESNO.A,0.005,77.516,46.419,3.581,67.129,64.903,395.129,90.194,35.055
185,1997-11,FRESNO.A,0.092,66.933,45.4,3.5,61.133,59.767,211.4,96.68,59.893
186,1997-12,FRESNO.A,0.034,53.774,35.29,2.968,53.548,52.581,149.484,98.861,69.381
187,1998-01,FRESNO.A,0.108,57.839,40.774,4.065,53.0,52.0,150.871,99.174,73.316
188,1998-02,FRESNO.A,0.108,58.321,41.714,5.321,52.571,51.643,194.5,97.614,67.95
189,1998-03,FRESNO.A,0.107,65.774,44.097,4.387,56.645,54.774,340.774,97.8,56.716
190,1998-04,FRESNO.A,0.039,69.567,45.833,4.867,60.4,57.867,485.567,95.2,48.553
191,1998-05,FRESNO.A,0.033,70.871,49.71,5.774,70.903,68.29,576.677,91.497,48.568
192,1998-06,FRESNO.A,0.047,82.433,57.133,5.167,81.633,78.167,645.967,90.08,44.24
193,1998-07,FRESNO.A,0.0,94.742,63.71,5.0,88.258,83.968,685.226,83.074,33.755
194,1998-08,FRESNO.A,0.0,96.742,64.613,4.258,79.968,76.903,620.71,87.261,31.774
195,1998-09,FRESNO.A,0.003,86.5,60.233,4.3,77.3,75.0,479.933,89.453,40.96
196,1998-10,FRESNO.A,0.005,75.767,46.533,3.933,66.767,64.133,377.9,91.72,39.303
197,1998-11,FRESNO.A,0.017,62.63,41.037,4.222,59.926,58.222,231.185,97.544,60.093
198,1998-12,FRESNO.A,0.024,53.935,30.806,3.677,52.323,50.71,193.161,98.135,61.961
199,1999-01,FRESNO.A,0.089,52.516,36.484,4.161,49.677,48.839,154.097,98.761,75.497
200,1999-02,FRESNO.A,0.046,60.607,38.286,4.286,52.143,50.357,278.607,97.993,59.339
201,1999-03,FRESNO.A,0.018,63.64,41.84,5.8,56.24,54.0,411.84,92.856,48.488
202,1999-04,FRESNO.A,0.035,69.167,44.233,5.3,58.667,55.967,487.167,90.82,44.51
203,1999-05,FRESNO.A,0.001,78.581,51.226,6.097,67.742,65.065,630.871,84.368,37.226
204,1999-06,FRESNO.A,0.006,87.633,57.333,5.467,73.933,70.967,659.833,78.97,29.29
205,1999-07,FRESNO.A,0.0,92.903,61.065,5.0,77.613,74.645,660.548,78.319,28.232
206,1999-08,FRESNO.A,0.0,90.548,60.161,5.129,78.161,75.226,571.548,85.774,34.494
207,1999-09,FRESNO.A,0.0,89.833,58.133,3.7,76.133,73.433,467.433,87.88,31.687
208,1999-10,FRESNO.A,0.0,83.613,48.742,3.032,69.935,67.806,348.226,89.203,28.677
209,1999-11,FRESNO.A,0.02,68.867,40.7,3.3,61.333,59.733,224.333,98.097,46.93
210,1999-12,FRESNO.A,0.002,59.484,31.742,2.968,52.903,51.419,177.677,96.729,46.994
211,2000-01,FRESNO.A,0.11,58.71,39.226,3.677,52.29,51.065,132.484,97.565,61.619
212,2000-02,FRESNO.A,0.192,62.552,42.828,4.828,55.103,54.0,215.621,97.438,57.483
213,2000-03,FRESNO.A,0.041,66.452,42.968,4.645,57.839,55.774,382.355,95.329,49.59
214,2000-04,FRESNO.A,0.043,75.0,47.517,5.069,63.552,60.966,570.103,90.855,37.034
215,2000-05,FRESNO.A,0.002,81.194,53.968,6.226,68.387,65.806,650.29,83.342,31.452
216,2000-06,FRESNO.A,0.022,91.5,60.867,5.233,75.233,72.2,703.733,78.417,26.803
217,2000-07,FRESNO.A,0.0,91.452,59.484,5.129,76.613,74.0,693.452,78.245,24.968
218,2000-08,FRESNO.A,0.0,94.129,61.387,4.355,79.0,76.226,595.903,77.619,22.703
219,2000-09,FRESNO.A,0.006,87.167,56.667,4.067,73.733,71.267,492.767,84.7,28.63
220,2000-10,FRESNO.A,0.083,74.6,49.833,3.9,68.733,66.733,331.767,94.033,44.51
221,2000-11,FRESNO.A,0.002,59.167,36.6,3.233,57.533,56.3,209.033,97.53,55.45
222,2000-12,FRESNO.A,0.004,58.065,35.645,2.677,53.774,52.581,171.645,98.552,61.468
223,2001-01,FRESNO.A,0.09,57.0,33.581,3.194,49.581,48.452,197.516,97.89,52.371
224,2001-02,FRESNO.A,0.074,57.571,38.607,4.107,50.536,49.714,230.643,95.329,56.021
225,2001-03,FRESNO.A,0.031,69.226,45.29,4.258,58.419,56.29,385.065,94.806,48.355
226,2001-04,FRESNO.A,0.027,71.826,45.348,4.783,64.217,61.435,545.609,90.517,37.961
227,2001-05,FRESNO.A,0.0,89.806,57.065,5.29,71.71,68.548,703.677,74.419,21.129
228,2001-06,FRESNO.A,0.0,92.767,59.367,5.9,74.467,71.933,753.4,68.72,16.993
229,2001-07,FRESNO.A,0.0,93.308,61.5,5.308,79.692,76.885,695.962,76.962,24.827
230,2001-08,FRESNO.A,0.0,94.871,61.742,4.774,79.0,76.29,640.903,79.49,24.823
231,2001-09,FRESNO.A,0.0,90.367,57.667,4.133,76.3,73.6,513.2,81.463,26.21
232,2001-10,FRESNO.A,0.011,81.677,51.161,3.29,70.226,68.29,358.258,88.168,34.677
233,2001-11,FRESNO.A,0.068,66.467,43.633,3.267,63.4,62.0,223.433,98.34,57.547
234,2001-12,FRESNO.A,0.066,55.226,38.387,3.968,54.645,53.484,147.581,97.548,65.784
235,2002-01,FRESNO.A,0.029,52.839,36.032,3.581,52.71,51.419,175.226,97.603,66.319
236,2002-02,FRESNO.A,0.004,64.444,35.111,3.333,51.0,49.111,316.111,97.783,45.644
237,2002-03,FRESNO.A,0.038,66.323,40.419,4.806,55.355,53.258,424.484,92.642,40.89
238,2002-04,FRESNO.A,0.008,73.033,47.8,5.267,64.267,61.533,522.4,87.63,39.377
239,2002-05,FRESNO.A,0.032,81.097,51.484,5.613,66.935,64.355,654.581,79.913,28.31
240,2002-06,FRESNO.A,0.0,90.7,58.7,5.8,76.133,73.633,696.467,73.89,23.643
241,2002-07,FRESNO.A,0.0,96.516,64.258,5.0,80.774,78.032,661.452,72.281,23.952
242,2002-08,FRESNO.A,0.0,93.677,59.194,4.452,78.677,76.419,597.129,80.868,21.587
243,2002-09,FRESNO.A,0.0,89.667,57.467,4.3,74.967,72.1,490.667,78.007,25.4
244,2002-10,FRESNO.A,0.0,77.194,47.806,3.355,66.097,64.419,391.968,85.877,33.21
245,2002-11,FRESNO.A,0.052,66.767,42.667,3.1,59.933,58.833,228.1,93.857,50.843
246,2002-12,FRESNO.A,0.072,57.806,38.0,3.548,54.323,53.194,163.065,94.697,61.103
247,2003-01,FRESNO.A,0.015,57.548,41.129,2.903,53.903,52.839,157.806,97.526,73.1
248,2003-02,FRESNO.A,0.04,60.143,37.929,3.393,53.357,52.286,268.107,95.764,56.346
249,2003-03,FRESNO.A,0.02,68.774,42.226,4.742,56.774,54.516,451.774,92.845,42.735
250,2003-04,FRESNO.A,0.088,67.033,45.5,5.633,59.6,57.633,487.833,89.563,41.73
251,2003-05,FRESNO.A,0.02,80.419,52.194,5.419,66.323,63.903,619.258,83.645,31.797
252,2003-06,FRESNO.A,0.0,90.667,59.233,5.833,74.967,72.467,713.567,74.387,25.113
253,2003-07,FRESNO.A,0.0,98.097,66.29,4.935,80.29,77.71,647.774,67.726,22.355
254,2003-08,FRESNO.A,0.001,93.548,62.935,5.194,79.903,77.484,599.581,73.41,27.332
255,2003-09,FRESNO.A,0.002,92.6,59.933,4.267,77.367,75.533,512.4,77.433,24.987
256,2003-10,FRESNO.A,0.0,83.542,49.167,3.208,69.917,68.208,366.333,83.8,26.812
257,2003-11,FRESNO.A,0.021,62.533,38.167,3.267,61.0,59.667,236.933,91.58,44.81
258,2003-12,FRESNO.A,0.081,57.645,38.71,3.903,55.645,54.355,149.903,93.274,58.69
259,2004-01,FRESNO.A,0.032,53.133,38.3,3.533,52.633,51.767,143.867,91.513,65.98
260,2004-02,FRESNO.A,0.059,59.655,39.276,4.207,53.345,52.207,247.621,88.19,53.848
261,2004-03,FRESNO.A,0.037,74.645,46.419,4.097,59.484,57.419,451.065,92.335,44.616
262,2004-04,FRESNO.A,0.001,77.467,48.167,5.5,64.033,61.067,581.2,79.407,26.67
263,2004-05,FRESNO.A,0.002,82.613,52.484,6.258,68.839,66.161,671.226,76.542,24.132
264,2004-06,FRESNO.A,0.0,89.6,58.6,6.133,78.267,75.6,705.167,70.74,23.727
265,2004-07,FRESNO.A,0.0,95.903,63.452,5.258,79.516,76.935,683.258,70.106,21.865
266,2004-08,FRESNO.A,0.0,93.903,61.677,5.0,78.903,76.516,605.258,74.958,23.003
267,2004-09,FRESNO.A,0.0,89.3,55.3,4.3,74.733,72.867,432.433,73.28,20.743
268,2004-10,FRESNO.A,0.075,74.516,49.097,3.774,68.29,66.903,289.065,86.571,42.216
269,2004-11,FRESNO.A,0.034,60.31,40.793,3.448,59.793,58.655,200.655,91.303,56.045
270,2004-12,FRESNO.A,0.104,53.367,37.7,3.933,53.433,52.7,138.9,92.56,70.653
271,2005-01,FRESNO.A,0.091,53.032,39.968,3.903,51.129,50.097,131.935,89.826,73.668
272,2005-02,FRESNO.A,0.09,62.929,42.643,3.643,53.5,52.5,257.286,91.907,58.086
273,2005-03,FRESNO.A,0.089,67.067,44.7,4.267,56.767,55.4,355.9,91.827,51.957
274,2005-04,FRESNO.A,0.015,70.333,43.667,4.967,60.267,57.967,502.667,87.053,38.067
275,2005-05,FRESNO.A,0.053,79.935,53.516,5.806,67.194,64.71,568.387,82.516,34.294
276,2005-06,FRESNO.A,0.0,85.433,56.233,6.033,72.2,69.6,640.9,75.223,25.727
277,2005-07,FRESNO.A,0.0,98.677,66.742,4.968,81.355,78.548,639.903,68.261,22.032
278,2005-08,FRESNO.A,0.0,96.097,63.323,4.452,78.355,76.226,569.065,72.068,22.687
279,2005-09,FRESNO.A,0.001,86.433,54.5,4.3,74.067,72.333,467.467,81.283,25.23
280,2005-10,FRESNO.A,0.003,77.806,49.0,3.968,68.129,66.742,361.742,83.819,33.529
281,2005-11,FRESNO.A,0.005,68.8,41.333,3.333,61.967,60.533,217.667,86.38,38.773
282,2005-12,FRESNO.A,0.079,58.387,40.903,3.71,56.839,55.968,131.065,90.984,62.242
283,2006-01,FRESNO.A,0.167,58.941,36.647,3.059,53.588,52.412,176.765,91.624,57.429
284,2006-02,FRESNO.A,0.019,64.393,36.643,3.536,53.964,52.321,280.107,89.482,40.907
285,2006-03,FRESNO.A,0.148,59.065,38.29,4.935,54.258,52.613,294.742,89.458,49.852
286,2006-04,FRESNO.A,0.103,68.267,48.233,4.833,59.233,57.633,413.1,88.72,51.03
287,2006-05,FRESNO.A,0.012,83.613,54.548,5.355,70.097,67.387,578.613,78.719,29.197
288,2006-06,FRESNO.A,0.0,92.533,62.6,5.967,77.4,74.3,630.467,67.413,23.563
289,2006-07,FRESNO.A,0.0,99.267,66.867,5.033,81.4,78.867,643.367,66.77,19.907
290,2006-08,FRESNO.A,0.0,93.839,59.419,4.323,79.484,77.645,600.032,76.119,22.232
291,2006-09,FRESNO.A,0.0,89.867,55.433,3.7,75.967,73.8,487.067,77.373,21.503
292,2006-10,FRESNO.A,0.003,76.097,47.032,3.452,68.484,67.29,338.323,83.071,31.994
293,2006-11,FRESNO.A,0.014,64.172,42.828,3.448,61.966,60.828,206.276,88.186,51.89
294,2006-12,FRESNO.A,0.041,58.167,33.4,3.333,53.433,52.1,175.0,87.767,46.883
295,2007-01,FRESNO.A,0.019,56.806,28.774,2.935,46.742,45.065,220.29,87.219,39.271
296,2007-02,FRESNO.A,0.076,60.964,39.607,4.357,51.714,50.107,246.821,91.35,51.011
297,2007-03,FRESNO.A,0.028,73.0,43.903,4.129,56.968,54.742,421.387,94.494,37.142
298,2007-04,FRESNO.A,0.019,74.267,47.667,5.6,64.033,61.5,466.233,87.93,33.403
299,2007-05,FRESNO.A,0.003,83.71,52.516,5.968,68.29,66.194,590.516,76.997,23.784
300,2007-06,FRESNO.A,0.001,91.067,58.533,5.933,72.6,70.6,620.767,71.44,19.25
301,2007-07,FRESNO.A,0.0,95.484,63.774,5.581,76.548,74.742,594.29,72.655,21.771
302,2007-08,FRESNO.A,0.002,95.065,62.871,4.871,77.194,75.516,527.387,74.248,21.729
303,2007-09,FRESNO.A,0.001,85.233,56.467,5.033,74.833,73.633,439.567,80.953,28.253
304,2007-10,FRESNO.A,0.008,75.968,48.548,4.355,67.774,66.065,324.387,87.448,34.0
305,2007-11,FRESNO.A,0.003,68.483,41.655,3.069,62.655,61.345,228.103,93.259,43.241
306,2007-12,FRESNO.A,0.075,54.645,33.742,3.742,53.452,52.29,156.968,93.977,56.881
307,2008-01,FRESNO.A,0.115,55.161,36.935,4.355,51.581,50.677,153.129,93.919,58.258
308,2008-02,FRESNO.A,0.069,61.379,38.345,4.034,51.793,50.448,281.483,94.576,52.097
309,2008-03,FRESNO.A,0.0,68.065,41.613,5.161,55.258,53.742,451.774,88.755,36.297
310,2008-04,FRESNO.A,0.001,73.467,44.233,6.2,60.1,58.033,560.067,81.323,26.153
311,2008-05,FRESNO.A,0.009,81.032,53.484,5.774,69.548,66.774,587.71,75.303,28.568
312,2008-06,FRESNO.A,0.0,91.933,58.033,5.533,74.567,71.3,665.333,68.77,16.877
313,2008-07,FRESNO.A,0.001,95.258,64.742,5.484,81.355,77.452,614.903,71.458,22.984
314,2008-08,FRESNO.A,0.0,96.129,63.935,5.032,79.677,76.968,579.226,71.161,20.739
315,2008-09,FRESNO.A,0.0,91.767,57.067,3.867,74.633,72.733,477.067,81.333,21.617
316,2008-10,FRESNO.A,0.006,80.323,48.516,3.581,68.839,67.032,342.032,84.4,24.887
317,2008-11,FRESNO.A,0.055,67.889,44.926,3.259,63.074,61.593,220.593,95.307,53.9
318,2008-12,FRESNO.A,0.038,52.065,35.968,3.29,55.871,54.742,150.258,96.439,65.442
319,2009-01,FRESNO.A,0.044,56.571,36.75,2.786,53.036,51.75,167.536,96.85,64.186
320,2009-02,FRESNO.A,0.083,61.036,39.821,4.036,53.857,52.429,253.25,93.854,53.671
321,2009-03,FRESNO.A,0.01,66.774,41.29,4.71,57.677,55.419,425.677,90.839,38.645
322,2009-04,FRESNO.A,0.02,73.4,45.067,5.5,64.767,61.733,557.933,83.483,28.947
323,2009-05,FRESNO.A,0.013,86.613,57.806,5.871,72.161,69.581,651.065,75.252,26.51
324,2009-06,FRESNO.A,0.016,87.167,58.567,5.767,75.533,72.633,669.8,76.973,25.613
325,2009-07,FRESNO.A,0.0,96.935,64.097,5.29,82.0,77.839,695.129,67.613,18.274
326,2009-08,FRESNO.A,0.0,93.774,62.097,4.516,80.935,77.677,596.968,75.474,21.542
327,2009-09,FRESNO.A,0.001,92.0,60.2,4.3,76.567,72.767,497.067,77.35,23.727
328,2009-10,FRESNO.A,0.053,75.154,50.269,3.923,66.538,62.923,352.577,89.0,41.115
329,2009-11,FRESNO.A,0.014,62.706,35.765,3.294,53.353,50.235,239.529,96.088,48.906
330,2009-12,FRESNO.A,0.083,55.6,36.667,3.733,48.767,46.467,168.867,95.873,61.217
331,2010-01,FRESNO.A,0.065,55.839,39.968,4.032,49.226,47.129,146.742,95.655,65.794
332,2010-02,FRESNO.A,0.113,59.923,42.885,3.538,52.269,49.423,207.692,96.331,67.065
333,2010-03,FRESNO.A,0.032,66.323,41.097,4.419,53.032,50.323,411.968,93.374,44.561
334,2010-04,FRESNO.A,0.09,67.321,43.679,5.0,58.25,54.714,494.679,93.632,45.143
335,2010-05,FRESNO.A,0.006,74.867,48.667,5.9,66.967,62.6,647.767,83.94,30.207
336,2010-06,FRESNO.A,0.0,88.179,59.179,6.643,74.464,70.607,724.464,74.0,24.421
337,2010-07,FRESNO.A,0.0,95.419,63.968,5.065,79.032,75.516,705.677,70.006,21.894
338,2010-08,FRESNO.A,0.0,92.323,60.29,4.516,76.516,73.806,654.065,79.668,23.239
339,2010-09,FRESNO.A,0.0,89.967,56.567,3.833,70.367,68.367,537.633,85.983,24.597
340,2010-10,FRESNO.A,0.021,78.355,53.194,3.935,68.935,66.613,349.0,89.974,36.335
341,2010-11,FRESNO.A,0.069,63.966,39.793,3.241,59.517,57.31,248.655,95.462,47.655
342,2010-12,FRESNO.A,0.185,57.806,42.581,3.645,55.129,53.581,138.355,95.303,67.574
343,2011-01,FRESNO.A,0.058,53.323,39.226,2.903,51.71,50.516,142.935,95.013,71.181
344,2011-02,FRESNO.A,0.053,60.179,35.964,3.75,51.393,49.607,312.393,93.232,45.65
345,2011-03,FRESNO.A,0.118,64.552,43.276,4.897,53.897,52.517,375.31,94.21,49.752
346,2011-04,FRESNO.A,0.008,71.2,45.533,5.267,60.3,57.2,558.333,89.737,36.54
347,2011-05,FRESNO.A,0.016,75.903,48.452,5.839,65.677,62.871,638.355,83.519,29.49
348,2011-06,FRESNO.A,0.064,85.267,58.467,5.467,70.967,68.3,677.433,80.67,27.903
349,2011-07,FRESNO.A,0.0,93.613,63.419,5.419,78.677,75.71,680.871,76.045,25.365
350,2011-08,FRESNO.A,0.0,95.484,61.032,4.323,78.0,75.548,635.032,78.797,20.574
351,2011-09,FRESNO.A,0.001,91.9,60.8,3.9,74.867,72.8,495.933,82.853,27.467
352,2011-10,FRESNO.A,0.031,79.097,52.226,3.258,70.065,68.032,372.355,92.19,37.8
353,2011-11,FRESNO.A,0.027,62.833,39.767,3.433,60.333,58.7,236.833,94.99,48.593
354,2011-12,FRESNO.A,0.001,58.645,28.871,2.871,51.935,50.194,218.516,93.787,40.139
355,2012-01,FRESNO.A,0.047,61.032,34.419,3.226,50.968,49.129,214.645,93.781,45.113
356,2012-02,FRESNO.A,0.021,63.069,38.31,4.103,52.276,50.724,303.483,92.355,40.093
357,2012-03,FRESNO.A,0.083,66.516,41.871,4.968,55.452,53.387,407.484,88.748,38.161
358,2012-04,FRESNO.A,0.104,72.867,47.367,5.033,60.333,58.533,525.6,90.32,40.847
359,2012-05,FRESNO.A,0.0,83.433,53.367,6.1,70.567,68.033,694.167,76.707,22.08
360,2012-06,FRESNO.A,0.0,88.333,57.733,6.667,73.367,71.5,745.233,72.607,22.193
361,2012-07,FRESNO.A,0.0,95.226,62.645,4.871,75.677,74.194,694.387,72.868,20.248
362,2012-08,FRESNO.A,0.002,97.129,64.161,4.419,78.323,76.71,630.839,73.403,19.881
363,2012-09,FRESNO.A,0.0,93.667,59.7,3.633,76.333,74.767,526.567,78.327,20.853
364,2012-10,FRESNO.A,0.0,79.308,50.577,3.385,69.0,67.308,367.308,89.181,34.238
365,2012-11,FRESNO.A,0.036,67.0,42.111,3.407,60.63,59.185,231.37,93.967,47.4
366,2012-12,FRESNO.A,0.056,56.226,40.484,4.355,55.355,54.355,161.032,94.526,64.232
367,2013-01,FRESNO.A,0.018,57.267,32.7,3.1,48.667,47.167,243.733,94.61,48.727
368,2013-02,FRESNO.A,0.021,61.536,34.893,3.393,50.536,48.179,356.0,93.971,44.425
369,2013-03,FRESNO.A,0.028,71.76,44.48,4.28,57.6,54.76,524.16,89.696,35.416
370,2013-04,FRESNO.A,0.004,78.1,48.6,0.5,61.933,59.567,585.733,84.353,27.523
371,2013-05,FRESNO.A,0.002,82.419,54.742,0.0,69.032,66.484,644.161,74.097,24.968
372,2013-06,FRESNO.A,0.0,90.31,62.31,0.0,75.103,72.724,679.448,71.448,24.276
373,2013-07,FRESNO.A,0.0,97.258,66.226,0.0,80.968,78.129,635.387,67.516,20.516
374,2013-08,FRESNO.A,0.002,93.533,62.167,0.0,79.133,76.333,606.0,74.633,21.6
375,2013-09,FRESNO.A,0.0,87.31,58.207,0.448,75.759,73.414,494.345,79.417,26.083
376,2013-10,FRESNO.A,0.002,78.097,46.871,0.0,65.903,63.516,369.71,84.677,26.0
377,2013-11,FRESNO.A,0.012,69.233,40.667,0.0,59.0,56.967,247.7,89.167,35.767
378,2013-12,FRESNO.A,0.01,58.565,29.435,0.0,50.348,48.478,222.696,92.826,36.174
379,2014-01,FRESNO.A,0.001,64.353,33.0,0.0,49.529,47.353,227.0,91.471,37.176
380,2014-02,FRESNO.A,0.308,68.0,49.25,0.0,58.25,54.5,297.25,90.75,44.25
381,2014-03,FRESNO.A,0.023,72.323,45.484,0.0,60.323,56.323,445.806,89.677,34.839
382,2014-04,FRESNO.A,0.027,77.133,48.867,0.0,63.133,60.1,579.5,87.0,30.033
383,2014-05,FRESNO.A,0.007,84.387,55.097,0.323,68.323,65.194,685.839,71.629,21.271
384,2014-06,FRESNO.A,0.0,91.233,59.267,0.133,74.667,71.267,739.967,70.167,18.51
385,2014-07,FRESNO.A,0.0,97.0,66.893,0.0,78.821,75.536,654.143,68.464,21.143
386,2014-08,FRESNO.A,0.0,94.419,64.0,0.0,77.323,75.387,597.129,73.581,21.935
387,2014-09,FRESNO.A,0.002,90.967,60.767,0.0,74.5,72.267,510.633,78.467,25.933
388,2014-10,FRESNO.A,0.015,83.786,51.75,0.0,67.857,65.321,396.393,85.214,26.964
389,2014-11,FRESNO.A,0.032,68.0,43.393,0.0,58.143,56.786,233.036,94.679,49.679
390,2014-12,FRESNO.A,0.095,60.355,42.226,0.0,54.871,53.774,166.29,94.645,62.613
391,2015-01,FRESNO.A,0.01,58.613,38.097,0.0,50.548,49.323,193.161,96.452,62.323
392,2015-02,FRESNO.A,0.048,67.75,42.964,0.0,54.571,53.071,283.179,95.536,53.143
393,2015-03,FRESNO.A,0.004,76.871,46.194,0.0,59.581,57.258,456.032,89.032,33.065
394,2015-04,FRESNO.A,0.053,75.75,46.667,0.0,60.417,58.417,584.333,84.333,26.583
395,2015-05,FRESNO.A,0.028,79.267,52.767,0.0,65.433,63.367,623.833,81.533,28.833
396,2015-06,FRESNO.A,0.0,94.633,62.867,0.0,73.467,71.167,699.0,66.6,18.3
397,2015-07,FRESNO.A,0.006,94.613,65.774,0.548,75.323,73.71,673.258,69.11,22.197
398,2015-08,FRESNO.A,0.0,95.233,63.767,0.967,74.033,72.8,615.267,68.907,20.067
399,2015-09,FRESNO.A,0.002,91.0,59.867,0.0,71.967,70.167,484.7,71.367,19.733
400,2015-10,FRESNO.A,0.015,82.179,54.893,0.0,69.214,68.25,377.821,88.143,33.821
401,2015-11,FRESNO.A,0.071,63.267,37.467,0.0,60.033,58.967,274.233,95.867,45.167
402,2015-12,FRESNO.A,0.119,57.333,35.375,0.0,53.458,52.458,195.5,95.958,52.833
403,2016-01,FRESNO.A,0.129,58.533,40.367,0.0,52.1,50.767,177.367,95.833,60.833
404,2016-02,FRESNO.A,0.017,68.31,39.655,0.345,52.897,51.069,343.483,96.655,46.538
405,2016-03,FRESNO.A,0.108,68.71,44.935,0.0,56.613,54.968,417.516,95.097,47.129
406,2016-04,FRESNO.A,0.048,76.5,49.667,0.0,61.1,58.867,557.867,90.8,32.267
407,2016-05,FRESNO.A,0.022,82.226,55.065,0.258,70.839,67.613,649.935,83.526,27.671
408,2016-06,FRESNO.A,0.003,93.759,61.379,0.0,75.897,72.552,712.724,67.241,15.724
409,2016-07,FRESNO.A,0.0,96.552,62.724,0.207,78.379,74.759,725.207,67.141,16.262
410,2016-08,FRESNO.A,0.0,95.533,62.5,0.0,77.767,74.467,628.4,73.6,17.333
411,2016-09,FRESNO.A,0.0,89.5,56.321,0.0,73.036,70.214,529.143,75.429,19.5
412,2016-10,FRESNO.A,0.009,77.9,50.9,0.0,68.133,66.467,361.667,86.5,32.033
413,2016-11,FRESNO.A,0.061,69.621,42.897,0.0,62.793,61.241,261.552,94.552,42.897
414,2016-12,FRESNO.A,0.046,57.043,37.043,0.0,54.87,53.609,174.348,96.435,59.304
415,2017-01,FRESNO.A,0.204,56.355,39.548,0.0,52.871,51.581,171.742,95.645,60.871
416,2017-02,FRESNO.A,0.107,61.929,44.714,0.0,55.607,54.179,244.571,94.107,56.714
417,2017-03,FRESNO.A,0.036,70.833,44.7,0.0,58.233,56.233,433.533,94.167,40.933
418,2017-04,FRESNO.A,0.089,71.333,47.056,0.0,61.333,59.222,448.222,90.556,35.278
419,2017-06,FRESNO.A,0.0,94.3,64.1,0.0,75.25,72.7,716.35,72.0,22.65
420,2017-07,FRESNO.A,0.0,99.333,66.067,0.0,78.1,76.2,689.133,64.433,16.7
421,2017-08,FRESNO.A,0.0,97.387,67.29,0.0,78.613,77.097,588.032,71.613,21.29
422,2017-09,FRESNO.A,0.008,88.133,60.267,0.0,75.067,72.133,508.9,80.367,25.1
423,2017-10,FRESNO.A,0.004,79.138,46.621,0.0,64.897,62.621,396.379,86.345,25.828
424,2017-11,FRESNO.A,0.018,68.517,44.483,0.0,62.207,60.862,252.103,93.586,44.034
425,2017-12,FRESNO.A,0.004,61.677,32.29,0.0,49.258,46.742,232.323,96.161,37.935
426,2018-01,FRESNO.A,0.032,61.387,40.806,0.0,52.484,50.581,203.774,98.0,58.742
427,2018-02,FRESNO.A,0.014,65.0,36.259,0.0,51.704,49.37,343.407,92.259,33.222
428,2018-03,FRESNO.A,0.15,66.226,42.548,0.0,55.29,52.387,399.516,95.29,42.548
429,2018-04,FRESNO.A,0.02,75.7,47.767,0.0,61.167,59.4,561.467,89.833,30.867
430,2018-05,FRESNO.A,0.0,80.958,53.667,0.0,70.833,67.917,696.417,80.125,32.792
431,2018-06,FRESNO.A,0.0,91.148,58.481,0.0,72.296,70.667,773.333,75.037,24.296
432,2018-07,FRESNO.A,0.0,99.16,68.64,0.0,77.56,76.52,687.44,64.56,24.32
433,2018-08,FRESNO.A,0.002,95.226,62.387,0.0,77.355,76.194,646.258,76.323,24.484
434,2018-09,FRESNO.A,0.0,90.481,56.593,0.0,73.407,72.741,569.259,78.0,24.556
435,2018-10,FRESNO.A,0.019,80.742,49.032,0.0,69.484,68.806,424.484,89.032,32.645
436,2018-11,FRESNO.A,0.061,70.067,40.167,0.0,61.333,60.5,278.267,94.6,38.6
437,2018-12,FRESNO.A,0.03,56.261,38.913,0.0,56.087,55.478,164.826,99.13,63.652
438,2019-01,FRESNO.A,0.176,57.8,39.4,0.0,53.2,52.4,158.6,98.0,62.7
439,2019-02,FRESNO.A,0.157,55.476,35.143,0.0,52.571,51.857,294.095,97.619,53.81
440,2019-03,FRESNO.A,0.028,67.636,41.273,0.0,56.364,55.455,477.545,98.182,40.182
441,2019-04,FRESNO.A,0.0,82.933,52.2,0.0,65.133,63.467,658.8,88.4,31.067
442,2019-05,FRESNO.A,0.078,76.645,52.161,0.0,65.129,64.161,613.355,90.613,41.097
443,2019-06,FRESNO.A,0.0,92.286,61.429,0.0,72.893,72.036,745.929,77.571,28.0
444,2019-07,FRESNO.A,0.0,96.385,64.077,0.0,77.0,75.846,749.615,75.115,25.538
445,2019-08,FRESNO.A,0.0,96.185,64.556,0.0,78.37,77.704,666.074,76.519,27.333
446,2019-09,FRESNO.A,0.0,88.967,58.267,0.0,75.9,75.067,557.967,81.733,29.167
447,2019-10,FRESNO.A,0.0,79.724,44.897,0.0,68.345,67.552,431.483,91.724,25.379
448,2019-11,FRESNO.A,0.027,70.759,39.172,0.0,62.069,61.31,279.862,96.586,36.724
449,2019-12,FRESNO.A,0.051,61.083,40.333,0.0,58.25,57.792,163.583,98.917,65.542
450,2020-01,FRESNO.A,0.013,58.667,36.037,0.0,54.444,53.852,206.926,99.852,68.037
451,2020-02,FRESNO.A,0.0,70.207,35.345,0.0,54.448,53.69,378.414,96.448,34.586
452,2020-03,FRESNO.A,0.093,65.806,42.71,0.0,57.161,56.387,402.258,94.452,45.129
453,2020-04,FRESNO.A,0.057,73.862,48.517,0.0,59.69,59.138,544.966,93.517,43.862
454,2020-05,FRESNO.A,0.003,86.192,54.962,0.0,66.385,65.0,691.846,81.731,25.192
455,2020-06,FRESNO.A,0.0,90.739,59.522,0.0,73.565,72.348,704.348,74.217,24.043
456,2020-07,FRESNO.A,0.0,97.333,62.476,0.0,76.476,74.857,679.905,70.429,20.238
457,2020-08,FRESNO.A,0.0,98.292,65.25,0.0,79.333,78.125,577.667,76.542,23.5
458,2020-09,FRESNO.A,0.0,91.783,60.13,0.0,75.304,74.435,447.087,82.783,28.783
459,2020-10,FRESNO.A,0.0,84.615,51.346,0.0,69.692,68.846,345.962,86.962,27.192
460,2020-11,FRESNO.A,0.023,68.778,38.167,0.0,60.444,59.778,262.556,93.833,36.222
461,2020-12,FRESNO.A,0.055,59.75,33.417,0.0,53.833,53.5,181.5,96.167,53.167
462,2021-01,FRESNO.A,0.089,59.871,37.29,0.0,52.258,51.839,205.226,97.452,54.419
463,2021-02,FRESNO.A,0.014,64.607,38.393,0.0,53.036,52.25,342.143,95.143,42.429
464,2021-03,FRESNO.A,0.056,67.226,39.484,0.0,53.774,53.032,443.935,93.065,37.032
465,2021-04,FRESNO.A,0.007,78.7,46.3,0.0,60.067,58.9,588.067,86.767,26.4
466,2021-05,FRESNO.A,0.0,85.161,52.581,0.0,66.548,65.677,674.613,74.065,22.419
467,2021-06,FRESNO.A,0.0,93.552,62.621,0.0,73.103,71.862,689.207,68.793,23.966
468,2021-07,FRESNO.A,0.0,100.833,67.417,0.0,75.792,74.917,649.25,65.917,20.417
469,2021-08,FRESNO.A,0.0,97.136,62.636,0.0,74.636,73.864,574.5,74.091,20.818
470,2021-09,FRESNO.A,0.0,92.963,58.0,0.0,72.37,71.444,498.778,77.259,21.963
471,2021-10,FRESNO.A,0.017,76.211,49.684,0.0,66.0,65.316,330.474,86.947,40.263
472,2021-11,FRESNO.A,0.008,67.24,43.32,0.0,62.92,62.28,229.04,99.0,60.36
473,2021-12,FRESNO.A,0.112,55.0,37.897,0.0,56.379,56.0,142.172,98.862,70.034
474,2022-01,FRESNO.A,0.003,58.0,29.667,0.0,53.333,52.333,232.0,99.0,57.333
475,1999-01,MERCED.A,0.096,54.5,37.0,4.364,49.636,45.182,161.227,99.164,73.05
476,1999-02,MERCED.A,0.085,60.429,35.5,4.143,51.75,45.571,268.071,99.625,60.011
477,1999-03,MERCED.A,0.022,63.833,38.333,4.967,55.2,48.867,393.867,97.273,47.69
478,1999-04,MERCED.A,0.046,69.571,40.679,5.357,60.571,52.286,480.536,95.457,40.468
479,1999-05,MERCED.A,0.006,77.2,45.4,5.76,70.52,59.36,563.0,90.88,33.268
480,1999-06,MERCED.A,0.0,88.115,52.308,5.154,75.346,65.308,688.846,90.104,26.915
481,1999-07,MERCED.A,0.0,91.8,56.233,5.2,80.633,69.333,691.467,85.993,24.183
482,1999-08,MERCED.A,0.0,90.0,56.3,5.333,79.267,70.167,602.3,88.737,28.037
483,1999-09,MERCED.A,0.001,89.931,53.621,4.138,75.138,67.655,518.966,90.3,27.152
484,1999-10,MERCED.A,0.0,83.034,46.034,3.345,69.828,61.517,372.172,93.145,28.341
485,1999-11,MERCED.A,0.044,67.897,39.655,3.069,58.862,53.414,250.069,98.276,51.366
486,1999-12,MERCED.A,0.002,59.967,29.767,2.967,49.633,44.0,211.5,98.61,48.987
487,2000-01,MERCED.A,0.116,58.12,37.4,4.16,50.6,46.4,164.56,98.252,62.14
488,2000-02,MERCED.A,0.209,62.321,41.679,4.75,54.786,50.75,230.0,97.318,61.814
489,2000-03,MERCED.A,0.032,67.1,40.433,4.733,59.233,51.967,430.0,96.247,48.927
490,2000-04,MERCED.A,0.064,74.393,44.786,4.929,69.0,59.393,537.5,93.311,39.286
491,2000-05,MERCED.A,0.018,80.897,50.931,5.034,74.31,64.621,529.966,91.424,36.045
492,2000-06,MERCED.A,0.006,91.138,57.138,5.276,79.724,70.552,708.0,85.052,27.679
493,2000-07,MERCED.A,0.0,90.241,55.241,5.138,78.655,68.862,712.0,86.586,27.134
494,2000-08,MERCED.A,0.0,92.69,57.862,4.897,80.31,71.69,615.345,82.962,24.231
495,2000-09,MERCED.A,0.006,87.857,52.857,3.714,75.571,68.25,503.536,89.761,27.621
496,2000-10,MERCED.A,0.09,74.6,46.8,3.633,67.667,60.4,337.067,94.82,42.023
497,2000-11,MERCED.A,0.005,59.0,34.536,2.857,55.429,49.75,235.75,98.014,56.539
498,2000-12,MERCED.A,0.01,57.893,34.571,2.714,52.0,46.964,141.036,98.436,67.211
499,2001-01,MERCED.A,0.095,56.968,31.581,3.548,48.29,42.677,184.484,97.871,57.074
500,2001-02,MERCED.A,0.083,58.393,37.679,4.857,50.643,45.5,241.5,95.732,56.386
501,2001-03,MERCED.A,0.053,68.774,42.484,4.097,57.71,51.548,394.774,96.8,52.49
502,2001-04,MERCED.A,0.066,69.31,40.379,4.31,61.621,54.0,493.138,94.434,42.234
503,2001-05,MERCED.A,0.0,89.839,52.452,5.71,74.935,65.323,617.129,83.068,21.642
504,2001-06,MERCED.A,0.0,90.172,55.69,5.621,77.31,67.966,617.621,78.769,23.328
505,2001-07,MERCED.A,0.0,91.6,58.667,4.433,80.2,72.167,610.2,82.55,28.703
506,2001-08,MERCED.A,0.0,92.467,57.6,5.0,78.467,70.867,660.0,86.007,26.253
507,2001-09,MERCED.A,0.007,89.625,54.792,4.292,74.208,66.875,510.583,85.546,26.133
508,2001-10,MERCED.A,0.0,81.846,48.885,3.462,69.192,62.269,388.615,90.065,32.423
509,2001-11,MERCED.A,0.085,66.867,42.833,3.267,60.433,55.767,225.167,96.487,56.483
510,2001-12,MERCED.A,0.086,55.067,38.367,4.133,51.967,48.833,154.567,95.893,67.617
511,2002-01,MERCED.A,0.02,64.0,49.0,3.0,57.0,54.0,113.0,98.5,71.9
512,2002-04,MERCED.A,0.08,66.0,47.0,4.0,69.0,66.0,344.0,87.9,52.5
513,2002-05,MERCED.A,0.016,80.12,46.6,4.64,78.4,67.4,661.8,89.132,31.644
514,2002-06,MERCED.A,0.006,88.067,54.2,5.5,84.233,74.333,710.4,84.08,29.863
515,2002-07,MERCED.A,0.0,93.414,59.0,4.621,83.862,76.241,667.207,82.524,28.345
516,2002-08,MERCED.A,0.0,91.45,56.45,4.3,82.7,73.3,610.2,88.23,26.15
517,2002-09,MERCED.A,0.0,88.6,53.333,4.267,74.067,68.7,473.0,83.987,26.3
518,2002-10,MERCED.A,0.0,76.935,44.194,3.452,63.806,60.161,349.452,88.568,33.352
519,2002-11,MERCED.A,0.064,66.067,40.733,3.067,59.767,55.567,198.433,94.653,53.3
520,2002-12,MERCED.A,0.132,58.968,37.484,4.226,56.0,45.742,149.548,95.581,61.155
521,2003-01,MERCED.A,0.005,55.731,40.808,2.731,56.115,53.462,122.885,98.5,80.888
522,2003-02,MERCED.A,0.032,60.929,35.5,3.5,55.857,50.786,277.071,96.493,54.979
523,2003-03,MERCED.A,0.03,68.5,39.667,4.667,62.7,56.133,451.133,95.523,45.663
524,2003-04,MERCED.A,0.069,67.267,42.8,4.433,67.2,60.4,485.7,93.543,43.423
525,2003-05,MERCED.A,0.033,79.645,49.258,5.29,73.355,67.258,607.484,90.061,34.265
526,2003-06,MERCED.A,0.0,88.2,54.9,5.033,80.8,74.033,699.433,83.387,30.03
527,2003-07,MERCED.A,0.0,96.065,60.71,4.323,81.645,75.613,654.903,76.31,24.384
528,2003-08,MERCED.A,0.002,90.516,58.645,5.065,81.0,75.742,596.097,81.561,31.665
529,2003-09,MERCED.A,0.0,89.8,55.133,3.9,77.733,72.167,488.1,85.443,28.42
530,2003-10,MERCED.A,0.002,83.677,46.71,3.355,72.355,65.129,380.774,87.69,26.581
531,2003-11,MERCED.A,0.03,62.233,36.333,3.1,60.7,55.733,226.367,93.477,45.863
532,2003-12,MERCED.A,0.062,55.893,37.429,3.786,55.857,52.321,160.286,94.325,61.032
533,2004-01,MERCED.A,0.008,54.333,35.167,3.833,53.333,49.583,180.333,92.933,61.683
534,2004-02,MERCED.A,0.091,60.417,36.958,4.375,56.208,51.042,260.25,92.95,50.45
535,2004-03,MERCED.A,0.024,73.467,43.2,3.733,64.533,57.3,451.1,94.273,46.373
536,2004-04,MERCED.A,0.0,76.7,44.133,4.7,67.167,59.867,572.533,88.637,30.09
537,2004-05,MERCED.A,0.004,82.129,48.71,5.484,79.968,68.871,663.613,85.974,26.113
538,2004-06,MERCED.A,0.0,87.63,53.778,5.63,82.185,72.074,701.519,81.47,27.181
539,2004-07,MERCED.A,0.001,93.583,59.417,5.042,76.333,72.292,681.083,78.188,25.042
540,2004-08,MERCED.A,0.0,90.769,57.423,4.923,72.385,70.308,603.962,83.765,28.038
541,2004-09,MERCED.A,0.006,87.867,51.267,3.9,73.867,68.633,510.1,83.663,23.1
542,2004-10,MERCED.A,0.113,73.677,46.871,3.484,66.968,63.645,317.065,91.084,42.874
543,2004-11,MERCED.A,0.06,59.769,40.923,3.192,57.346,55.385,191.077,92.462,60.238
544,2004-12,MERCED.A,0.077,53.478,35.435,3.478,51.043,48.957,140.609,93.278,69.704
545,2005-01,MERCED.A,0.03,51.4,37.2,3.6,56.2,53.7,165.6,92.77,71.22
546,2005-02,MERCED.A,0.09,62.786,42.071,3.286,58.107,54.464,255.536,92.4,60.132
547,2005-03,MERCED.A,0.132,66.9,42.567,3.5,57.7,55.1,351.8,93.037,56.027
548,2005-04,MERCED.A,0.029,69.733,41.2,3.933,58.733,55.1,468.667,92.483,42.533
549,2005-05,MERCED.A,0.051,78.871,50.935,4.581,67.645,64.129,512.258,88.955,38.581
550,2005-06,MERCED.A,0.001,84.8,53.2,4.833,69.6,66.533,559.533,84.34,27.563
551,2005-07,MERCED.A,0.0,97.065,60.903,4.645,76.677,72.516,671.161,79.852,24.432
552,2005-08,MERCED.A,0.002,94.633,58.333,4.067,77.1,72.967,603.833,79.353,23.08
553,2005-09,MERCED.A,0.006,85.833,50.833,3.533,73.533,69.333,479.033,87.793,25.2
554,2005-10,MERCED.A,0.009,77.774,45.839,3.71,66.903,63.0,338.065,87.19,33.506
555,2005-11,MERCED.A,0.011,68.367,39.033,3.233,58.733,55.8,200.7,88.527,39.217
556,2005-12,MERCED.A,0.138,57.774,40.161,4.065,53.0,50.871,113.258,93.961,65.252
557,2006-01,MERCED.A,0.103,56.871,36.871,3.548,51.548,49.161,163.258,95.468,64.003
558,2006-02,MERCED.A,0.035,63.393,35.393,3.107,52.857,49.679,278.357,94.854,43.775
559,2006-03,MERCED.A,0.135,59.419,37.742,4.226,53.742,51.355,293.226,93.69,50.935
560,2006-04,MERCED.A,0.183,68.067,46.367,4.0,58.567,56.133,383.2,93.603,53.52
561,2006-05,MERCED.A,0.042,81.968,50.419,4.419,68.839,64.839,542.677,89.503,32.768
562,2006-06,MERCED.A,0.0,88.783,56.478,5.696,75.087,71.913,595.696,76.917,26.03
563,2006-07,MERCED.A,0.0,94.75,58.5,6.0,79.0,75.5,646.25,72.225,18.725
564,2006-12,MERCED.A,0.08,53.643,30.857,3.429,47.571,46.071,154.214,89.436,53.014
565,2007-01,MERCED.A,0.021,57.258,26.581,2.968,44.0,41.871,225.935,88.01,38.397
566,2007-02,MERCED.A,0.084,61.148,38.148,3.741,49.741,47.852,257.185,89.381,49.219
567,2007-03,MERCED.A,0.026,72.323,41.258,3.806,55.871,53.355,398.194,89.265,36.965
568,2007-04,MERCED.A,0.027,73.5,43.6,4.9,62.1,58.867,448.9,87.423,33.21
569,2007-05,MERCED.A,0.003,80.562,46.438,5.438,66.125,62.062,571.812,80.294,25.319
570,2007-06,MERCED.A,0.0,91.5,54.95,5.5,74.75,70.3,629.0,75.175,20.555
571,2007-07,MERCED.A,0.0,92.258,59.323,5.645,76.194,72.581,614.613,77.29,25.413
572,2007-08,MERCED.A,0.0,93.194,58.71,5.161,77.387,72.645,584.226,72.797,21.781
573,2007-09,MERCED.A,0.005,83.833,53.3,4.733,73.6,69.4,473.167,79.927,27.71
574,2007-10,MERCED.A,0.004,75.548,45.581,3.806,66.065,63.323,352.065,84.59,32.674
575,2007-11,MERCED.A,0.001,68.345,37.207,2.897,58.931,56.966,251.241,86.793,40.466
576,2007-12,MERCED.A,0.058,54.419,32.226,3.645,49.71,48.065,164.161,86.413,52.519
577,2008-01,MERCED.A,0.166,54.516,35.71,4.419,48.258,46.774,150.032,86.413,54.774
578,2008-02,MERCED.A,0.082,60.897,36.241,4.069,50.0,47.69,282.897,87.669,48.666
579,2008-03,MERCED.A,0.0,67.226,38.839,4.677,54.806,52.387,432.226,85.358,36.919
580,2008-04,MERCED.A,0.0,72.5,41.333,5.033,60.7,56.967,556.133,80.547,27.603
581,2008-05,MERCED.A,0.003,80.677,49.548,5.548,63.839,61.548,607.129,75.897,25.881
582,2008-06,MERCED.A,0.0,90.367,55.2,5.7,70.567,67.033,737.967,69.173,19.143
583,2008-07,MERCED.A,0.0,93.0,59.258,5.323,76.032,73.774,688.645,74.932,24.297
584,2008-08,MERCED.A,0.0,94.484,59.032,4.71,76.742,73.032,645.903,74.165,20.458
585,2008-09,MERCED.A,0.0,90.967,53.8,3.8,73.967,70.267,527.7,78.363,21.083
586,2008-10,MERCED.A,0.006,79.903,45.935,3.968,66.677,63.742,374.742,73.732,23.242
587,2008-11,MERCED.A,0.037,68.067,41.833,3.067,59.633,57.067,239.967,88.377,48.037
588,2008-12,MERCED.A,0.045,51.839,32.968,3.613,50.516,48.645,154.452,91.51,59.939
589,2009-01,MERCED.A,0.068,57.419,31.774,2.806,49.032,46.29,203.839,90.919,55.794
590,2009-02,MERCED.A,0.105,60.321,37.964,4.286,52.0,49.214,272.071,88.657,50.471
591,2009-03,MERCED.A,0.035,65.613,38.032,4.419,55.548,52.516,462.032,90.552,40.171
592,2009-04,MERCED.A,0.022,73.133,40.5,4.667,60.167,56.467,566.5,85.367,28.55
593,2009-05,MERCED.A,0.023,85.968,54.387,5.613,70.581,66.355,637.129,75.265,25.006
594,2009-06,MERCED.A,0.007,85.931,55.448,5.276,73.379,70.414,678.241,75.814,26.593
595,2009-07,MERCED.A,0.0,93.581,59.0,5.065,77.032,73.0,705.258,70.035,22.871
596,2009-08,MERCED.A,0.0,91.645,56.871,4.032,76.71,72.71,628.484,78.394,26.397
597,2009-09,MERCED.A,0.007,90.296,54.889,4.148,72.37,69.815,521.926,78.381,24.222
598,2009-10,MERCED.A,0.055,74.433,42.867,4.133,64.733,62.2,361.733,85.6,35.17
599,2009-11,MERCED.A,0.014,65.643,33.036,3.25,55.857,53.893,270.464,89.607,41.343
600,2009-12,MERCED.A,0.094,53.484,30.29,3.452,49.774,48.097,168.903,92.613,59.268
601,2010-01,MERCED.A,0.096,52.806,32.774,4.097,50.645,49.032,138.258,94.894,66.568
602,2010-02,MERCED.A,0.125,59.042,34.667,3.792,53.875,51.792,213.625,94.45,61.342
603,2010-03,MERCED.A,0.044,63.839,35.161,3.935,54.581,52.161,405.323,92.871,45.945
604,2010-04,MERCED.A,0.104,66.167,42.2,4.433,57.067,54.7,468.233,94.347,49.553
605,2010-05,MERCED.A,0.021,74.567,45.8,5.133,61.1,58.6,574.4,89.317,34.58
606,2010-06,MERCED.A,0.0,88.655,56.103,5.862,70.483,67.172,665.931,83.914,27.186
607,2010-07,MERCED.A,0.0,92.3,58.033,5.0,75.267,72.333,681.533,80.26,29.203
608,2010-08,MERCED.A,0.0,90.194,54.097,3.613,74.516,70.161,615.129,90.284,30.745
609,2010-09,MERCED.A,0.0,88.433,51.667,3.267,70.4,67.733,505.967,91.577,30.58
610,2010-10,MERCED.A,0.029,77.871,50.387,3.548,67.065,65.323,319.065,90.171,39.374
611,2010-11,MERCED.A,0.082,62.931,37.586,2.897,57.414,55.793,229.862,94.803,53.448
612,2010-12,MERCED.A,0.132,55.741,39.778,3.0,53.074,51.667,139.148,94.941,71.311
613,2011-01,MERCED.A,0.079,50.032,36.71,2.742,49.419,48.161,124.613,95.284,77.855
614,2011-02,MERCED.A,0.063,59.0,33.308,3.462,49.346,47.038,299.462,93.996,48.996
615,2011-03,MERCED.A,0.151,62.931,41.897,4.483,53.138,51.379,335.414,93.559,53.717
616,2011-04,MERCED.A,0.01,69.767,43.7,4.5,56.267,54.533,477.133,89.79,43.867
617,2011-05,MERCED.A,0.025,75.839,44.871,4.742,62.355,59.194,569.129,88.545,33.158
618,2011-06,MERCED.A,0.051,83.567,54.6,4.467,69.333,66.3,618.333,88.98,35.667
619,2011-07,MERCED.A,0.0,92.034,58.414,4.724,78.931,73.552,674.828,83.741,27.645
620,2011-08,MERCED.A,0.0,93.161,56.968,4.355,78.613,73.71,620.742,85.99,24.539
621,2011-09,MERCED.A,0.0,89.833,56.733,3.8,75.367,71.6,505.4,84.56,30.43
622,2011-10,MERCED.A,0.036,77.613,49.29,3.065,66.581,64.677,321.548,92.152,43.452
623,2011-11,MERCED.A,0.021,62.033,37.567,3.1,56.5,54.9,220.467,93.063,51.303
624,2011-12,MERCED.A,0.013,57.548,26.645,2.516,47.161,45.161,206.065,89.981,46.703
625,2012-01,MERCED.A,0.034,60.567,29.967,3.033,46.7,44.5,211.233,91.16,46.59
626,2012-02,MERCED.A,0.029,63.034,35.207,3.759,50.448,48.207,281.207,90.328,41.066
627,2012-03,MERCED.A,0.075,66.226,40.194,4.194,54.742,52.032,357.129,89.219,41.465
628,2012-04,MERCED.A,0.007,71.333,44.667,5.333,59.833,56.833,542.167,91.017,44.233
629,2012-05,MERCED.A,0.0,82.556,49.611,5.833,68.5,65.722,626.167,82.622,25.578
630,2012-06,MERCED.A,0.015,85.792,54.25,5.667,73.417,69.625,647.375,82.058,28.354
631,2012-07,MERCED.A,0.0,92.25,57.25,5.0,76.75,74.0,705.5,71.95,25.8
632,2012-08,MERCED.A,0.0,92.833,58.667,5.333,78.5,73.167,604.333,80.0,25.4
633,2012-09,MERCED.A,0.0,91.4,57.4,4.6,75.2,72.6,505.4,69.76,22.3
634,2012-10,MERCED.A,0.0,79.3,48.9,4.1,68.6,66.4,373.0,86.96,39.17
635,2012-11,MERCED.A,0.025,62.0,37.375,3.0,58.5,56.375,217.875,92.612,54.925
636,2012-12,MERCED.A,0.049,52.0,35.0,3.182,53.182,51.636,170.909,93.682,70.991
637,2013-01,MERCED.A,0.04,53.095,27.524,2.667,47.333,45.476,237.048,92.743,51.981
638,2013-02,MERCED.A,0.0,59.375,32.25,3.75,50.875,48.75,322.625,91.775,50.55
639,2013-03,MERCED.A,0.033,70.48,40.8,3.8,56.64,54.28,419.92,89.636,38.708
640,2013-04,MERCED.A,0.014,75.9,45.4,0.433,64.7,61.1,545.6,85.643,34.687
641,2013-05,MERCED.A,0.001,82.842,52.895,0.0,67.579,65.526,515.211,80.947,31.842
642,2013-06,MERCED.A,0.004,89.567,58.333,0.0,70.5,68.5,605.833,77.2,29.667
643,2013-07,MERCED.A,0.0,95.0,61.71,0.0,77.419,75.29,621.548,74.581,24.935
644,2013-08,MERCED.A,0.0,91.903,58.968,0.0,75.032,73.29,603.097,79.774,25.903
645,2013-09,MERCED.A,0.0,86.31,55.241,0.483,71.966,70.552,489.862,80.248,29.597
646,2013-10,MERCED.A,0.001,78.032,42.452,0.0,62.677,61.355,371.968,85.742,27.806
647,2013-11,MERCED.A,0.018,69.4,36.2,0.0,55.767,54.533,248.267,87.1,36.567
648,2013-12,MERCED.A,0.012,56.955,25.227,0.0,46.5,45.273,212.364,89.636,39.545
649,2014-01,MERCED.A,0.014,66.065,30.871,0.0,45.613,44.065,234.548,84.419,33.742
650,2014-02,MERCED.A,0.073,62.56,38.68,0.0,50.68,49.16,244.76,91.0,51.32
651,2014-03,MERCED.A,0.053,70.871,41.968,0.0,56.548,54.613,374.226,90.129,38.387
652,2014-04,MERCED.A,0.017,76.733,46.567,0.0,61.2,58.9,491.267,86.733,31.4
653,2014-05,MERCED.A,0.0,84.71,53.065,0.323,66.903,64.71,592.677,71.642,22.023
654,2014-06,MERCED.A,0.0,92.067,56.967,0.1,71.433,69.267,662.433,74.167,19.21
655,2014-07,MERCED.A,0.0,95.929,63.714,0.0,76.571,74.643,633.821,71.107,23.321
656,2014-08,MERCED.A,0.0,94.065,61.323,0.0,76.452,74.839,578.226,75.645,23.903
657,2014-09,MERCED.A,0.003,90.967,58.333,0.0,72.867,71.833,486.0,78.9,26.2
658,2014-10,MERCED.A,0.021,84.179,49.036,0.0,65.857,64.786,368.107,83.071,27.036
659,2014-11,MERCED.A,0.032,65.571,41.036,0.0,58.857,58.0,217.821,92.357,53.107
660,2014-12,MERCED.A,0.068,58.926,40.926,0.0,55.667,54.704,158.593,92.667,61.926
661,2015-01,MERCED.A,0.003,55.962,34.692,0.0,49.769,48.923,178.769,96.115,65.769
662,2015-02,MERCED.A,0.042,64.429,39.321,0.0,53.464,52.143,248.607,98.821,56.143
663,2015-03,MERCED.A,0.003,75.548,41.581,0.0,57.032,54.935,429.581,94.613,35.0
664,2015-04,MERCED.A,0.037,77.1,43.267,0.0,60.833,58.2,555.133,90.967,26.067
665,2015-05,MERCED.A,0.0,80.033,48.6,0.0,66.3,64.167,547.367,88.967,27.1
666,2015-06,MERCED.A,0.0,95.1,58.633,0.0,74.167,71.767,595.2,75.067,18.567
667,2015-07,MERCED.A,0.004,94.933,62.4,0.533,78.467,76.267,644.633,73.43,21.143
668,2015-08,MERCED.A,0.0,94.621,60.345,0.69,78.793,76.483,592.552,74.959,19.979
669,2015-09,MERCED.A,0.0,90.967,55.967,0.0,75.6,73.367,456.9,71.7,17.7
670,2015-10,MERCED.A,0.005,83.214,51.964,0.0,70.786,68.75,360.286,87.25,29.464
671,2015-11,MERCED.A,0.055,62.633,35.333,0.0,57.433,55.533,259.7,96.833,46.7
672,2015-12,MERCED.A,0.09,57.083,33.5,0.0,49.917,48.333,180.125,97.25,54.917
673,2016-01,MERCED.A,0.17,57.333,39.767,0.0,50.533,49.367,168.367,96.667,62.633
674,2016-02,MERCED.A,0.015,66.414,37.172,0.207,52.483,50.552,331.207,97.834,50.662
675,2016-03,MERCED.A,0.138,66.839,42.484,0.0,57.774,55.774,403.548,96.871,51.548
676,2016-04,MERCED.A,0.068,74.733,46.533,0.0,63.8,60.967,537.4,94.2,40.9
677,2016-05,MERCED.A,0.002,81.774,51.548,0.226,68.226,65.677,623.839,87.519,31.835
678,2016-06,MERCED.A,0.0,93.241,55.966,0.172,76.241,73.172,719.0,78.028,19.348
679,2016-07,MERCED.A,0.0,96.103,56.069,0.138,79.759,76.31,714.345,84.152,18.286
680,2016-08,MERCED.A,0.0,94.3,56.0,0.0,74.733,72.667,624.433,86.3,20.8
681,2016-09,MERCED.A,0.0,90.0,47.714,0.0,68.964,67.393,514.286,93.071,21.893
682,2016-10,MERCED.A,0.013,78.4,44.933,0.0,63.433,62.133,332.433,95.633,36.7
683,2016-11,MERCED.A,0.039,69.448,38.172,0.0,57.103,55.793,241.0,97.276,47.586
684,2016-12,MERCED.A,0.096,56.897,32.103,0.0,48.621,47.276,171.207,97.828,59.517
685,2017-01,MERCED.A,0.213,55.484,35.645,0.0,48.258,46.871,163.484,97.032,64.387
686,2017-02,MERCED.A,0.167,61.571,41.321,0.0,51.786,50.143,235.821,95.179,56.893
687,2017-03,MERCED.A,0.049,70.233,40.733,0.0,53.733,51.6,405.533,96.567,42.967
688,2017-04,MERCED.A,0.044,71.533,44.0,0.0,58.933,57.167,474.4,93.833,38.433
689,2017-05,MERCED.A,0.002,82.419,49.581,0.0,64.613,62.581,638.29,89.516,29.581
690,2017-06,MERCED.A,0.004,91.3,54.467,0.0,73.4,70.333,696.567,88.233,28.3
691,2017-07,MERCED.A,0.0,98.194,57.258,0.0,76.387,74.452,702.903,85.516,21.29
692,2017-08,MERCED.A,0.001,96.548,59.258,0.0,74.774,73.355,584.548,87.129,26.097
693,2017-09,MERCED.A,0.005,89.3,53.6,0.0,71.3,69.867,490.567,90.733,26.9
694,2017-10,MERCED.A,0.0,82.28,39.2,0.0,60.96,59.4,401.84,92.8,20.92
695,2017-11,MERCED.A,0.066,68.2,40.267,0.0,57.0,55.733,192.133,97.267,48.6
696,2017-12,MERCED.A,0.005,61.677,27.387,0.0,48.387,47.29,201.29,96.387,39.097
697,2018-01,MERCED.A,0.061,59.484,37.968,0.0,51.258,50.194,165.935,96.71,62.903
698,2018-02,MERCED.A,0.015,64.036,31.679,0.0,49.393,48.036,312.143,95.071,32.357
699,2018-03,MERCED.A,0.045,65.387,40.452,0.0,52.484,50.806,352.968,95.548,46.968
700,2018-04,MERCED.A,0.058,72.633,44.633,0.0,58.133,55.933,536.533,93.333,38.933
701,2018-05,MERCED.A,0.001,79.581,48.387,0.0,62.581,60.71,648.677,90.387,36.387
702,2018-06,MERCED.A,0.0,88.75,48.7,0.0,64.75,63.15,724.9,91.45,29.1
703,2018-07,MERCED.A,0.0,98.286,61.476,0.0,73.381,70.095,656.286,76.524,23.095
704,2018-08,MERCED.A,0.0,92.391,54.478,0.0,71.739,70.391,597.739,90.304,24.217
705,2018-09,MERCED.A,0.0,91.379,48.207,0.0,67.483,66.241,496.414,93.31,20.172
706,2018-10,MERCED.A,0.006,81.806,43.419,0.0,62.387,61.032,358.581,94.903,26.871
707,2018-11,MERCED.A,0.111,70.103,34.483,0.0,54.862,53.483,226.793,96.655,34.793
708,2018-12,MERCED.A,0.057,57.967,34.967,0.0,52.733,51.567,162.9,96.8,60.467
709,2019-01,MERCED.A,0.073,60.323,36.903,0.0,52.968,51.806,198.645,96.387,57.968
710,2019-02,MERCED.A,0.148,57.571,36.107,0.0,51.214,49.536,257.0,94.321,49.321
711,2019-03,MERCED.A,0.077,66.419,39.742,0.0,55.097,53.161,413.839,95.484,43.29
712,2019-04,MERCED.A,0.001,76.867,44.767,0.0,60.867,57.633,546.1,93.967,35.167
713,2019-05,MERCED.A,0.073,76.323,47.581,0.0,63.806,62.258,580.968,93.129,40.0
714,2019-06,MERCED.A,0.0,92.207,52.931,0.0,70.966,68.897,697.207,91.793,26.931
715,2019-07,MERCED.A,0.0,97.074,54.259,0.0,74.926,72.963,689.037,92.296,22.926
716,2019-08,MERCED.A,0.0,95.5,55.562,0.0,76.562,73.938,638.0,92.938,23.438
717,2019-09,MERCED.A,0.003,88.25,50.375,0.0,69.583,67.458,508.083,96.458,29.792
718,2019-10,MERCED.A,0.0,80.19,39.429,0.0,59.857,57.81,386.571,98.571,24.619
719,2019-11,MERCED.A,0.025,72.267,36.433,0.0,53.467,51.8,261.333,99.1,35.767
720,2019-12,MERCED.A,0.028,61.4,38.84,0.0,52.72,51.4,151.04,99.2,62.96
721,2020-01,MERCED.A,0.01,58.077,32.308,0.0,47.923,46.385,192.615,100.0,63.538
722,2020-03,MERCED.A,0.068,66.9,41.6,0.0,53.5,51.4,467.5,97.5,47.1
723,2020-04,MERCED.A,0.037,74.053,47.421,0.0,57.737,55.474,522.526,95.368,46.947
724,2020-05,MERCED.A,0.026,83.417,53.167,0.0,66.333,61.917,670.5,87.0,29.75
725,2020-06,MERCED.A,0.0,91.857,57.571,0.0,71.429,69.143,729.857,85.286,26.143
726,2020-07,MERCED.A,0.0,94.25,51.5,0.0,71.75,68.0,769.25,97.75,27.75
727,2020-08,MERCED.A,0.0,95.4,57.9,0.0,73.5,71.7,535.7,94.4,28.9
728,2020-09,MERCED.A,0.0,90.609,54.087,0.0,68.957,67.13,475.87,95.435,30.696
729,2020-10,MERCED.A,0.0,85.174,44.609,0.0,62.87,61.043,364.348,98.174,25.304
730,2020-11,MERCED.A,0.01,68.042,33.0,0.0,54.208,52.5,272.625,99.625,39.042
731,2020-12,MERCED.A,0.068,58.941,31.647,0.0,49.294,48.118,177.176,99.882,59.353
732,2021-01,MERCED.A,0.048,61.118,34.235,0.0,48.824,45.412,224.647,100.0,51.353
733,2021-02,MERCED.A,0.017,65.944,35.778,0.0,50.667,47.389,349.056,98.444,39.111
734,2021-03,MERCED.A,0.082,65.867,35.667,0.0,52.067,48.8,416.4,99.0,39.733
735,2021-04,MERCED.A,0.0,78.333,43.0,0.0,58.933,55.0,615.267,95.667,28.467
736,2021-05,MERCED.A,0.0,84.692,48.885,0.0,61.154,58.269,697.692,92.192,26.885
737,2021-06,MERCED.A,0.0,94.231,55.654,0.0,68.192,66.0,695.5,90.269,27.115
738,2021-07,MERCED.A,0.0,100.625,58.25,0.0,76.125,72.625,682.188,91.062,22.375
739,2021-08,MERCED.A,0.0,94.0,56.455,0.0,74.364,71.0,553.455,95.636,30.364
740,2021-09,MERCED.A,0.0,93.391,52.304,0.0,69.87,68.087,519.043,91.348,21.696
741,2021-10,MERCED.A,0.017,77.857,48.286,0.0,63.905,62.095,331.286,92.952,37.19
742,2021-11,MERCED.A,0.009,66.667,42.333,0.0,59.667,58.083,232.0,99.583,58.708
743,2021-12,MERCED.A,0.106,53.655,35.621,0.0,51.862,50.586,130.034,99.138,69.034
744,2022-01,MERCED.A,0.003,54.0,29.667,0.0,47.667,45.667,199.667,100.0,57.667
745,1998-07,WINTERS.A,0.0,94.321,59.286,3.071,81.143,74.643,682.429,89.75,34.289
746,1998-08,WINTERS.A,0.0,94.613,58.258,2.613,79.581,75.032,596.71,89.516,34.048
747,1998-09,WINTERS.A,0.008,86.433,57.6,3.1,75.0,71.867,435.133,87.853,39.067
748,1998-10,WINTERS.A,0.002,75.968,47.129,3.516,64.548,62.032,346.871,85.687,33.329
749,1998-11,WINTERS.A,0.123,62.667,42.6,3.133,56.9,55.633,174.933,98.923,58.407
750,1998-12,WINTERS.A,0.022,55.774,31.452,3.484,47.871,46.323,170.419,95.194,47.032
751,1999-01,WINTERS.A,0.037,53.677,35.774,3.645,47.613,46.484,148.323,98.445,67.203
752,1999-02,WINTERS.A,0.188,58.607,39.25,3.964,49.821,48.393,228.25,97.296,55.086
753,1999-03,WINTERS.A,0.084,62.0,40.968,4.161,54.032,52.226,369.0,94.39,46.681
754,1999-04,WINTERS.A,0.047,71.1,46.767,5.567,58.867,56.5,540.067,79.767,33.78
755,1999-05,WINTERS.A,0.001,79.71,50.677,4.29,67.387,64.0,661.0,81.235,32.835
756,1999-06,WINTERS.A,0.002,86.1,54.7,3.767,72.933,69.5,691.067,84.523,33.513
757,1999-07,WINTERS.A,0.0,89.806,55.774,3.613,75.613,72.387,723.548,84.79,27.319
758,1999-08,WINTERS.A,0.001,88.871,57.161,3.226,75.516,72.774,621.355,88.503,33.477
759,1999-09,WINTERS.A,0.005,89.533,55.2,2.867,73.3,70.867,524.6,84.903,31.663
760,1999-10,WINTERS.A,0.007,81.71,48.0,2.839,66.065,63.935,373.516,83.994,29.5
761,1999-11,WINTERS.A,0.06,66.233,42.367,2.5,58.2,56.967,211.667,99.247,55.78
762,1999-12,WINTERS.A,0.003,62.839,34.613,3.484,50.29,48.935,193.226,92.452,37.813
763,2000-01,WINTERS.A,0.158,57.774,39.71,3.452,49.968,48.903,158.355,97.965,63.094
764,2000-02,WINTERS.A,0.27,58.793,42.552,3.862,52.724,51.69,199.862,99.79,71.659
765,2000-03,WINTERS.A,0.078,67.226,43.871,4.452,56.194,54.419,404.548,86.471,44.381
766,2000-04,WINTERS.A,0.05,75.0,47.833,4.0,62.8,60.4,525.967,89.043,37.42
767,2000-05,WINTERS.A,0.035,80.065,53.839,3.742,68.839,66.258,577.0,85.535,36.745
768,2000-06,WINTERS.A,0.009,89.733,57.367,4.0,74.567,71.533,679.433,85.62,31.687
769,2000-07,WINTERS.A,0.0,89.129,55.032,3.258,77.0,73.742,626.871,92.848,33.194
770,2000-08,WINTERS.A,0.0,91.161,56.129,3.065,76.581,73.806,544.129,91.542,29.374
771,2000-09,WINTERS.A,0.001,85.867,54.833,3.367,70.867,68.7,459.233,86.69,33.0
772,2000-10,WINTERS.A,0.085,74.645,48.452,3.194,65.226,63.548,291.548,94.677,45.784
773,2000-11,WINTERS.A,0.023,59.733,36.533,2.8,54.067,52.833,198.967,97.42,56.743
774,2000-12,WINTERS.A,0.012,58.774,35.516,2.742,50.548,49.484,148.968,99.255,59.948
775,2001-01,WINTERS.A,0.122,56.839,33.452,3.71,46.484,45.452,176.677,93.481,54.432
776,2001-02,WINTERS.A,0.22,58.107,39.429,4.607,48.607,47.357,229.857,94.843,54.896
777,2001-03,WINTERS.A,0.074,70.742,46.548,4.194,56.097,54.323,378.226,91.729,45.51
778,2001-04,WINTERS.A,0.017,69.793,43.276,3.966,61.034,58.483,509.586,92.376,37.693
779,2001-05,WINTERS.A,0.0,88.677,56.968,4.29,71.935,69.065,670.839,75.49,25.39
780,2001-06,WINTERS.A,0.002,88.4,58.567,3.7,74.967,72.1,679.1,75.473,29.667
781,2001-07,WINTERS.A,0.0,90.409,56.818,3.182,76.227,73.591,631.5,89.709,32.1
782,2001-08,WINTERS.A,0.0,91.7,55.833,2.8,77.3,74.333,631.7,93.72,32.247
783,2001-09,WINTERS.A,0.009,88.167,53.5,2.567,73.733,71.5,496.733,94.597,34.163
784,2001-10,WINTERS.A,0.013,81.226,50.355,2.774,67.742,65.839,344.742,87.313,35.168
785,2001-11,WINTERS.A,0.156,65.733,45.6,2.967,59.7,58.367,187.267,99.34,60.293
786,2001-12,WINTERS.A,0.268,54.29,41.677,3.968,51.516,50.839,108.226,98.545,73.826
787,2002-01,WINTERS.A,0.086,54.613,35.71,3.065,49.516,48.29,162.871,97.416,63.6
788,2002-02,WINTERS.A,0.025,64.0,39.071,3.75,49.964,48.321,279.964,97.675,52.636
789,2002-03,WINTERS.A,0.048,65.433,40.8,4.567,54.767,52.867,388.733,89.393,41.2
790,2002-04,WINTERS.A,0.001,71.967,46.067,4.667,62.4,59.533,494.3,92.223,43.277
791,2002-05,WINTERS.A,0.024,79.806,51.258,3.871,69.097,65.387,606.839,87.929,35.848
792,2002-06,WINTERS.A,0.0,89.2,57.9,4.067,76.767,73.2,658.267,83.893,33.92
793,2002-07,WINTERS.A,0.008,93.097,58.226,3.355,78.839,75.645,642.645,90.352,32.768
794,2002-08,WINTERS.A,0.0,89.304,56.0,3.217,75.696,72.913,603.435,88.509,32.904
795,2002-09,WINTERS.A,0.0,88.3,52.967,2.933,73.367,70.967,504.1,90.047,29.917
796,2002-10,WINTERS.A,0.002,78.065,45.129,2.839,64.839,63.0,356.194,90.542,34.487
797,2002-11,WINTERS.A,0.138,67.133,40.6,3.067,56.167,54.967,205.1,96.68,51.7
798,2002-12,WINTERS.A,0.408,56.452,39.806,4.065,50.871,49.774,120.0,99.91,75.871
799,2003-01,WINTERS.A,0.062,57.258,42.226,2.323,51.29,50.419,130.355,100.0,83.632
800,2003-02,WINTERS.A,0.056,61.893,38.464,3.679,51.393,49.893,276.821,95.8,49.268
801,2003-03,WINTERS.A,0.069,68.387,44.194,4.0,56.968,54.968,408.419,96.116,49.294
802,2003-04,WINTERS.A,0.073,63.967,42.9,4.567,58.2,56.367,423.833,97.043,52.853
803,2003-05,WINTERS.A,0.033,79.161,51.516,4.065,66.0,63.387,569.065,93.332,43.281
804,2003-06,WINTERS.A,0.005,88.286,57.464,4.607,73.357,70.357,640.571,88.729,38.457
805,2003-07,WINTERS.A,0.0,96.258,61.29,3.645,78.419,75.097,624.065,86.787,31.694
806,2003-08,WINTERS.A,0.0,90.581,57.871,3.645,76.581,74.032,615.871,94.335,33.91
807,2003-09,WINTERS.A,0.0,89.931,55.621,3.655,73.103,70.517,495.931,90.083,32.059
808,2003-10,WINTERS.A,0.0,83.645,48.935,3.387,66.548,64.258,339.806,90.084,30.574
809,2003-11,WINTERS.A,0.056,61.033,39.533,3.1,55.367,53.7,181.033,98.523,58.943
810,2003-12,WINTERS.A,0.237,54.968,39.968,3.613,51.129,49.71,112.548,100.0,79.619
811,2004-01,WINTERS.A,0.077,53.4,37.8,3.1,48.533,47.033,136.5,99.717,81.443
812,2004-02,WINTERS.A,0.234,59.069,41.241,4.241,51.0,49.103,223.241,97.869,66.286
813,2004-03,WINTERS.A,0.042,72.038,45.885,4.154,59.269,56.077,413.154,96.115,48.585
814,2004-04,WINTERS.A,0.009,75.633,47.633,4.7,64.0,60.333,531.533,90.523,38.267
815,2004-05,WINTERS.A,0.0,80.613,52.29,4.484,69.968,66.065,653.871,91.345,39.435
816,2004-06,WINTERS.A,0.029,87.852,57.481,4.889,73.222,69.481,692.963,87.23,36.959
817,2004-07,WINTERS.A,0.0,92.194,57.645,4.097,76.839,73.032,654.839,94.348,34.735
818,2004-08,WINTERS.A,0.0,92.258,58.29,3.903,75.548,72.0,572.839,92.929,33.639
819,2004-09,WINTERS.A,0.015,87.4,55.233,4.1,71.133,68.7,476.6,86.007,30.533
820,2004-10,WINTERS.A,0.09,73.667,49.733,3.767,64.2,62.6,288.1,93.7,51.647
821,2004-11,WINTERS.A,0.094,61.967,41.367,3.6,56.033,54.933,179.5,95.043,62.02
822,2004-12,WINTERS.A,0.193,55.5,38.233,3.867,50.0,49.1,117.4,98.563,76.863
823,2005-01,WINTERS.A,0.141,51.806,38.065,3.258,48.871,47.968,117.065,100.0,86.726
824,2005-02,WINTERS.A,0.136,61.5,42.786,3.571,51.607,50.714,197.929,99.429,70.161
825,2005-03,WINTERS.A,0.11,66.464,44.321,4.571,55.679,54.321,341.036,89.957,49.668
826,2005-04,WINTERS.A,0.035,70.2,45.1,4.6,59.367,57.233,462.2,85.52,37.417
827,2005-05,WINTERS.A,0.06,77.613,53.097,4.29,67.387,64.613,483.903,85.955,42.09
828,2005-06,WINTERS.A,0.0,82.5,56.067,4.567,71.033,68.233,589.7,79.797,32.077
829,2005-07,WINTERS.A,0.0,96.567,60.633,3.867,77.033,73.8,621.6,82.55,28.09
830,2005-08,WINTERS.A,0.0,94.1,57.9,3.533,75.4,73.133,600.2,81.603,22.883
831,2005-09,WINTERS.A,0.0,84.433,51.5,3.467,69.967,68.033,506.6,82.883,28.1
832,2005-10,WINTERS.A,0.002,76.968,48.645,3.806,64.097,62.839,335.387,82.09,32.41
833,2005-11,WINTERS.A,0.047,67.567,41.667,3.733,57.733,56.533,200.6,90.113,40.067
834,2005-12,WINTERS.A,0.394,57.903,40.935,3.935,52.097,50.871,119.258,94.861,62.587
835,2006-01,WINTERS.A,0.075,57.871,40.161,3.903,50.935,49.871,163.71,94.097,59.09
836,2006-02,WINTERS.A,0.137,63.357,37.571,4.107,51.107,49.214,260.679,91.332,42.032
837,2006-03,WINTERS.A,0.16,57.2,40.333,4.767,51.967,50.6,278.733,92.03,54.46
838,2006-04,WINTERS.A,0.149,67.5,47.633,4.133,57.7,55.833,381.167,90.293,51.833
839,2006-05,WINTERS.A,0.011,81.71,52.484,4.129,70.355,67.129,676.355,82.484,34.51
840,2006-06,WINTERS.A,0.0,89.69,59.345,4.172,75.138,71.966,729.276,77.459,31.538
841,2006-07,WINTERS.A,0.0,95.967,60.7,3.633,79.2,75.9,746.9,81.817,26.15
842,2006-08,WINTERS.A,0.0,90.516,54.968,3.645,75.581,72.323,682.065,85.871,27.59
843,2006-09,WINTERS.A,0.0,87.0,52.69,3.586,72.621,69.345,514.483,79.862,24.848
844,2006-10,WINTERS.A,0.036,76.258,45.516,3.516,64.452,62.097,350.355,81.626,30.755
845,2006-11,WINTERS.A,0.044,63.483,43.345,3.034,58.724,57.172,197.793,94.331,53.807
846,2006-12,WINTERS.A,0.088,56.6,35.833,3.767,50.367,48.9,159.9,92.557,50.367
847,2007-01,WINTERS.A,0.014,59.097,31.323,3.871,46.484,44.613,234.0,84.623,34.023
848,2007-02,WINTERS.A,0.102,60.286,41.25,4.357,51.786,50.179,254.357,93.271,52.682
849,2007-03,WINTERS.A,0.001,72.871,44.71,4.032,59.323,56.161,475.484,85.771,36.135
850,2007-04,WINTERS.A,0.042,74.267,47.233,4.367,63.467,60.533,567.4,84.917,29.163
851,2007-05,WINTERS.A,0.002,82.935,51.226,4.871,69.935,66.0,699.581,81.797,23.761
852,2007-06,WINTERS.A,0.0,88.071,55.214,4.643,73.107,69.5,743.036,77.004,22.214
853,2007-07,WINTERS.A,0.004,92.774,58.194,4.129,76.387,73.0,646.065,84.568,25.019
854,2007-08,WINTERS.A,0.0,92.214,55.536,3.643,75.107,72.393,586.893,87.154,22.529
855,2007-09,WINTERS.A,0.001,83.828,53.793,4.0,71.862,69.655,443.931,85.397,29.617
856,2007-10,WINTERS.A,0.023,73.29,47.355,3.613,64.387,62.516,304.29,87.874,38.819
857,2007-11,WINTERS.A,0.012,69.241,40.31,3.31,58.207,56.793,220.379,86.579,33.441
858,2007-12,WINTERS.A,0.102,55.29,35.742,3.903,49.806,48.645,148.258,91.894,47.545
859,2008-01,WINTERS.A,0.386,51.935,36.419,4.0,46.806,45.677,124.645,95.274,63.326
860,2008-02,WINTERS.A,0.09,60.379,38.207,4.069,48.897,47.345,258.31,93.717,48.945
861,2008-03,WINTERS.A,0.008,67.4,43.133,3.533,55.8,53.867,407.567,78.433,30.837
862,2008-04,WINTERS.A,0.0,72.767,44.733,4.467,59.833,57.7,540.833,73.793,24.677
863,2008-05,WINTERS.A,0.0,79.828,52.103,4.931,66.103,63.897,592.552,76.024,27.076
864,2008-06,WINTERS.A,0.0,89.276,56.552,4.241,69.448,67.552,642.276,69.462,20.797
865,2008-07,WINTERS.A,0.0,92.759,57.655,3.69,74.897,72.759,634.69,84.103,25.917
866,2008-08,WINTERS.A,0.0,94.033,58.5,3.733,75.8,73.6,611.4,80.267,22.83
867,2008-09,WINTERS.A,0.0,89.0,51.893,3.357,71.214,69.036,495.964,80.121,22.775
868,2008-10,WINTERS.A,0.015,78.933,47.1,3.467,65.0,63.333,323.2,80.76,24.967
869,2008-11,WINTERS.A,0.057,67.167,43.967,3.033,58.667,57.5,191.833,92.33,50.883
870,2008-12,WINTERS.A,0.073,53.581,33.742,3.29,50.129,49.355,142.194,96.323,57.587
871,2009-01,WINTERS.A,0.03,60.5,34.167,3.3,48.467,47.333,176.6,95.343,45.747
872,2009-02,WINTERS.A,0.253,58.071,40.643,4.179,50.214,49.25,199.786,94.746,57.043
873,2009-03,WINTERS.A,0.061,65.71,42.581,4.774,55.419,53.71,401.645,83.726,38.352
874,2009-04,WINTERS.A,0.022,70.964,43.964,4.321,60.5,58.214,520.179,80.796,30.068
875,2009-05,WINTERS.A,0.018,83.484,53.065,4.194,68.839,66.161,598.935,82.671,31.213
876,2009-06,WINTERS.A,0.0,84.241,55.448,4.241,73.0,70.31,671.483,81.041,31.621
877,2009-07,WINTERS.A,0.0,93.774,55.774,3.323,76.323,73.581,689.742,84.313,23.297
878,2009-08,WINTERS.A,0.0,91.8,55.767,3.367,76.033,73.567,615.6,82.377,22.767
879,2009-09,WINTERS.A,0.003,90.222,55.481,3.222,74.926,72.519,487.296,79.515,22.763
880,2009-10,WINTERS.A,0.136,73.933,48.433,3.4,65.767,63.967,324.633,83.26,38.52
881,2009-11,WINTERS.A,0.007,66.5,37.692,2.731,57.423,56.192,222.038,93.25,38.438
882,2009-12,WINTERS.A,0.056,53.533,35.267,2.733,49.833,48.9,132.667,94.413,59.883
883,2010-01,WINTERS.A,0.258,53.29,40.129,3.129,50.806,49.774,119.258,97.574,76.894
884,2010-02,WINTERS.A,0.135,59.893,41.821,3.214,53.464,52.036,205.214,96.764,64.404
885,2010-03,WINTERS.A,0.044,64.935,40.71,4.065,56.0,53.774,391.968,89.387,39.255
886,2010-04,WINTERS.A,0.129,65.964,43.357,4.071,59.607,56.714,466.929,89.293,42.993
887,2010-05,WINTERS.A,0.011,73.9,47.4,4.433,65.1,62.1,575.2,79.91,31.327
888,2010-06,WINTERS.A,0.0,86.286,57.214,4.036,72.25,68.607,676.429,78.514,29.525
889,2010-07,WINTERS.A,0.0,92.419,56.161,3.355,75.968,71.677,695.903,83.561,26.197
890,2010-08,WINTERS.A,0.0,89.677,53.548,2.903,74.323,70.452,618.903,86.416,25.616
891,2010-09,WINTERS.A,0.0,87.8,53.933,3.033,71.7,68.333,491.2,83.38,26.893
892,2010-10,WINTERS.A,0.035,76.161,50.032,2.742,65.548,63.484,292.0,87.329,38.332
893,2010-11,WINTERS.A,0.059,65.138,41.621,3.345,56.793,55.241,213.966,87.069,41.676
894,2010-12,WINTERS.A,0.198,55.613,42.0,2.871,52.387,51.097,110.29,96.187,70.106
895,2011-01,WINTERS.A,0.055,54.645,35.484,2.71,48.387,46.742,165.129,96.777,62.994
896,2011-02,WINTERS.A,0.151,59.214,35.071,4.143,49.393,46.75,268.357,88.643,40.543
897,2011-03,WINTERS.A,0.262,62.034,43.172,4.0,54.034,51.621,299.172,92.331,54.248
898,2011-04,WINTERS.A,0.002,69.467,45.2,4.233,60.867,57.6,514.367,82.157,33.013
899,2011-05,WINTERS.A,0.034,73.613,46.871,3.968,65.548,62.387,552.968,83.706,32.158
900,2011-06,WINTERS.A,0.061,82.103,54.276,3.517,72.0,67.724,591.483,87.783,38.872
901,2011-07,WINTERS.A,0.0,90.097,57.968,3.323,77.323,73.129,682.516,86.681,31.503
902,2011-08,WINTERS.A,0.0,91.452,54.323,2.613,75.839,72.161,621.419,88.758,27.358
903,2011-09,WINTERS.A,0.0,91.2,55.867,2.633,72.833,69.8,486.0,84.793,26.853
904,2011-10,WINTERS.A,0.021,77.839,48.71,2.839,65.839,63.71,318.677,90.061,35.013
905,2011-11,WINTERS.A,0.045,61.067,38.8,2.867,55.167,53.667,194.667,91.407,49.983
906,2011-12,WINTERS.A,0.013,59.645,32.161,3.516,47.194,45.806,175.71,82.781,32.765
907,2012-01,WINTERS.A,0.117,61.065,33.452,3.097,46.516,44.968,197.226,89.013,39.965
908,2012-02,WINTERS.A,0.043,62.724,39.069,3.862,50.241,48.621,283.31,83.941,37.507
909,2012-03,WINTERS.A,0.148,61.839,41.806,4.516,53.581,51.71,334.323,85.894,41.994
910,2012-04,WINTERS.A,0.061,71.833,47.233,3.933,61.0,58.067,502.167,85.01,34.71
911,2012-05,WINTERS.A,0.0,81.433,50.7,4.133,69.2,66.033,646.533,78.777,26.8
912,2012-06,WINTERS.A,0.0,85.379,55.69,4.621,72.103,69.103,697.517,71.666,24.624
913,2012-07,WINTERS.A,0.0,91.0,55.419,3.065,75.903,72.742,667.032,83.394,24.616
914,2012-08,WINTERS.A,0.0,94.517,55.31,2.69,77.207,74.31,581.828,83.166,21.19
915,2012-09,WINTERS.A,0.0,91.1,51.267,2.267,73.467,71.0,479.8,84.487,21.327
916,2012-10,WINTERS.A,0.011,77.935,49.484,2.742,67.903,66.0,322.387,84.994,34.632
917,2012-11,WINTERS.A,0.152,66.107,42.714,2.464,59.321,57.821,178.393,93.618,50.754
918,2012-12,WINTERS.A,0.205,55.194,37.903,3.226,52.0,51.097,126.161,92.377,56.532
919,2013-01,WINTERS.A,0.022,57.097,31.613,2.806,45.71,44.355,187.839,89.316,41.255
920,2013-02,WINTERS.A,0.005,64.214,35.214,3.571,49.321,47.357,283.821,83.164,29.625
921,2013-03,WINTERS.A,0.027,70.52,42.08,3.4,56.2,54.04,376.24,84.624,32.304
922,2013-04,WINTERS.A,0.018,77.31,50.207,0.345,63.448,61.172,560.414,72.469,26.314
923,2013-05,WINTERS.A,0.023,81.871,54.452,0.0,69.645,66.742,622.645,68.645,26.742
924,2013-06,WINTERS.A,0.003,86.222,57.519,0.0,73.593,70.63,631.519,73.963,29.667
925,2013-07,WINTERS.A,0.0,94.067,57.133,0.0,77.7,74.7,647.433,80.8,22.133
926,2013-08,WINTERS.A,0.0,91.161,56.032,0.0,76.871,74.258,566.645,83.806,24.581
927,2013-09,WINTERS.A,0.002,84.897,55.034,0.276,73.724,71.621,459.69,78.148,28.938
928,2013-10,WINTERS.A,0.0,78.29,44.935,0.0,64.548,62.581,361.613,75.968,23.226
929,2013-11,WINTERS.A,0.004,70.24,42.28,0.0,57.48,55.96,219.92,77.0,29.04
930,2013-12,WINTERS.A,0.0,61.176,29.765,0.0,46.176,45.059,202.882,83.176,25.588
931,2014-01,WINTERS.A,0.003,67.71,35.613,0.0,47.677,46.516,216.484,73.548,23.548
932,2014-02,WINTERS.A,0.201,62.929,42.893,0.0,53.071,51.643,239.0,89.179,49.893
933,2014-03,WINTERS.A,0.052,69.484,46.677,0.0,58.452,56.677,364.871,79.226,37.161
934,2014-04,WINTERS.A,0.069,75.667,47.5,0.0,63.7,61.3,505.633,85.133,32.033
935,2014-05,WINTERS.A,0.0,83.484,53.452,0.161,69.581,67.097,639.226,69.935,22.274
936,2014-06,WINTERS.A,0.0,90.379,55.483,0.069,75.69,72.69,675.966,75.472,22.017
937,2014-07,WINTERS.A,0.0,93.25,59.714,0.0,77.821,75.143,613.679,76.464,23.286
938,2014-08,WINTERS.A,0.0,90.839,57.516,0.0,77.065,74.645,541.774,82.0,27.419
939,2014-09,WINTERS.A,0.001,88.067,55.133,0.0,73.8,71.833,456.267,83.0,27.667
940,2014-10,WINTERS.A,0.012,81.321,50.036,0.0,68.071,66.536,324.143,79.821,29.429
941,2014-11,WINTERS.A,0.042,66.893,42.25,0.0,59.964,58.75,190.607,91.179,46.893
942,2014-12,WINTERS.A,0.239,58.097,45.194,0.0,55.774,54.71,108.742,89.129,66.032
943,2015-01,WINTERS.A,0.001,61.533,35.8,0.0,50.433,48.933,199.1,92.267,49.467
944,2015-02,WINTERS.A,0.12,67.107,43.464,0.0,55.214,53.75,274.964,85.464,42.821
945,2015-03,WINTERS.A,0.004,74.419,45.903,0.0,59.484,57.419,412.677,83.548,30.968
946,2015-04,WINTERS.A,0.027,75.267,47.6,0.0,62.967,60.767,567.2,73.367,26.267
947,2015-05,WINTERS.A,0.001,78.345,48.931,0.0,68.034,65.483,609.621,82.0,32.621
948,2015-06,WINTERS.A,0.001,90.542,56.542,0.0,74.042,71.417,640.75,79.792,25.625
949,2015-07,WINTERS.A,0.0,91.759,60.655,0.414,75.586,73.241,598.586,72.348,25.176
950,2015-08,WINTERS.A,0.0,91.129,58.032,0.774,74.645,72.452,545.903,75.816,22.777
951,2015-09,WINTERS.A,0.0,88.267,55.3,0.0,71.333,69.267,435.967,71.433,20.867
952,2015-10,WINTERS.A,0.004,82.929,51.679,0.0,67.429,65.464,325.464,81.786,28.071
953,2015-11,WINTERS.A,0.04,62.7,37.233,0.0,55.867,54.367,204.467,84.3,37.233
954,2015-12,WINTERS.A,0.08,57.0,38.5,0.0,50.833,49.708,129.917,88.042,53.75
955,2016-01,WINTERS.A,0.139,55.8,41.7,0.0,50.5,49.533,130.967,88.933,63.1
956,2016-02,WINTERS.A,0.015,67.517,40.345,0.207,53.207,51.828,282.414,86.931,39.152
957,2016-03,WINTERS.A,0.192,66.484,46.355,0.0,57.258,55.774,343.065,84.323,46.226
958,2016-04,WINTERS.A,0.011,74.533,49.167,0.0,62.167,60.4,508.133,76.2,31.767
959,2016-05,WINTERS.A,0.013,80.452,53.419,0.194,66.968,64.903,558.613,78.99,31.326
960,2016-06,WINTERS.A,0.0,90.034,57.448,0.0,72.172,69.586,633.69,67.172,20.552
961,2016-07,WINTERS.A,0.0,92.655,56.448,0.103,74.759,71.897,653.448,76.441,21.107
962,2016-08,WINTERS.A,0.001,92.933,54.7,0.0,74.4,71.4,572.867,81.1,20.033
963,2016-09,WINTERS.A,0.0,87.75,52.786,0.0,71.571,68.821,471.571,75.107,19.821
964,2016-10,WINTERS.A,0.047,73.333,48.967,0.0,65.067,63.133,267.7,83.1,38.4
965,2016-11,WINTERS.A,0.048,63.68,42.76,0.0,58.2,56.84,182.12,89.8,50.64
966,2016-12,WINTERS.A,0.108,55.621,35.759,0.0,49.655,48.034,148.448,87.103,47.414
967,2017-01,WINTERS.A,0.444,54.226,37.452,0.0,48.452,46.742,161.871,90.645,56.516
968,2017-02,WINTERS.A,0.329,59.321,43.5,0.0,52.821,51.286,209.321,87.714,53.071
969,2017-03,WINTERS.A,0.076,67.467,45.067,0.0,57.4,55.233,354.233,83.533,42.2
970,2017-04,WINTERS.A,0.08,69.167,48.367,0.0,61.167,59.067,441.867,78.567,33.067
971,2017-05,WINTERS.A,0.001,80.871,53.032,0.0,69.0,65.839,584.129,73.194,27.677
972,2017-06,WINTERS.A,0.001,89.296,58.444,0.0,76.593,72.519,628.815,72.111,27.037
973,2017-07,WINTERS.A,0.0,95.8,57.867,0.0,79.867,75.4,659.2,74.667,18.7
974,2017-08,WINTERS.A,0.0,94.323,59.871,0.0,80.097,76.0,553.935,76.323,23.71
975,2017-09,WINTERS.A,0.0,86.833,57.5,0.0,75.467,71.667,436.767,69.433,24.333
976,2017-10,WINTERS.A,0.002,79.3,45.9,0.0,65.067,61.267,353.2,72.0,19.567
977,2017-11,WINTERS.A,0.045,62.867,43.1,0.0,58.133,56.333,163.433,87.8,49.733
978,2017-12,WINTERS.A,0.0,60.387,32.0,0.0,48.774,47.226,174.968,81.548,29.871
979,2018-01,WINTERS.A,0.063,57.226,39.71,0.0,51.806,50.387,152.065,89.419,61.065
980,2018-02,WINTERS.A,0.01,64.536,36.75,0.0,52.464,50.429,313.25,70.5,23.893
981,2018-03,WINTERS.A,0.067,63.387,40.613,0.0,55.323,52.742,360.097,83.742,40.355
982,2018-04,WINTERS.A,0.05,70.8,45.933,0.0,64.1,60.9,481.567,80.267,32.7
983,2018-05,WINTERS.A,0.0,80.733,53.0,0.0,71.3,67.433,656.3,81.333,35.867
984,2018-06,WINTERS.A,0.0,89.897,56.655,0.0,76.552,72.862,744.586,77.172,26.207
985,2018-07,WINTERS.A,0.0,97.194,61.161,0.0,80.194,76.194,674.161,75.677,24.581
986,2018-08,WINTERS.A,0.0,91.1,55.6,0.0,77.833,74.4,605.767,88.4,27.8
987,2018-09,WINTERS.A,0.0,88.483,52.448,0.0,72.828,70.069,532.552,84.172,24.414
988,2018-10,WINTERS.A,0.002,80.645,49.968,0.0,65.968,64.032,371.742,79.194,27.677
989,2018-11,WINTERS.A,0.093,67.931,40.448,0.0,55.345,53.897,210.172,83.897,35.172
990,2018-12,WINTERS.A,0.043,58.033,39.1,0.0,51.167,50.167,162.633,93.867,55.633
991,2019-01,WINTERS.A,0.097,59.452,40.129,0.0,50.032,48.774,180.161,95.839,60.581
992,2019-02,WINTERS.A,0.29,54.893,39.0,0.0,49.393,48.0,238.679,92.286,55.929
993,2019-03,WINTERS.A,0.132,63.516,44.065,0.0,55.323,53.161,372.097,90.0,46.581
994,2019-04,WINTERS.A,0.004,75.567,51.567,0.0,64.567,61.8,525.2,85.7,38.633
995,2019-05,WINTERS.A,0.08,75.935,50.677,0.0,69.129,65.645,603.645,87.806,41.935
996,2019-06,WINTERS.A,0.001,90.3,59.933,0.0,75.9,72.567,722.367,75.533,27.733
997,2019-07,WINTERS.A,0.0,92.762,58.381,0.0,77.429,74.19,708.952,85.81,29.905
998,2019-08,WINTERS.A,0.001,94.067,61.267,0.0,78.533,76.0,652.067,80.2,28.267
999,2019-10,WINTERS.A,0.0,78.233,44.8,0.0,63.733,62.1,391.6,71.4,18.933
1000,2019-11,WINTERS.A,0.022,70.0,40.033,0.0,56.5,55.3,235.5,86.533,33.033
1001,2019-12,WINTERS.A,0.105,56.4,43.52,0.0,52.56,51.68,122.52,98.28,72.8
1002,2020-01,WINTERS.A,0.012,58.483,39.345,0.0,50.103,49.138,204.862,96.552,60.897
1003,2020-02,WINTERS.A,0.0,68.034,41.069,0.0,52.069,50.862,357.207,78.655,29.172
1004,2020-03,WINTERS.A,0.027,64.548,41.871,0.0,54.935,53.613,402.613,86.097,41.484
1005,2020-04,WINTERS.A,0.016,74.379,49.31,0.0,61.241,59.621,551.966,80.483,35.931
1006,2020-05,WINTERS.A,0.006,83.259,54.185,0.0,67.963,66.148,645.037,76.111,28.259
1007,2020-06,WINTERS.A,0.0,89.346,59.885,0.0,72.885,70.731,711.346,67.423,24.885
1008,2020-07,WINTERS.A,0.001,95.444,58.167,0.0,76.889,74.556,707.389,80.5,23.556
1009,2020-08,WINTERS.A,0.0,95.5,60.909,0.0,78.455,76.5,582.5,80.591,24.0
1010,2020-09,WINTERS.A,0.0,90.238,57.571,0.0,73.286,71.81,462.524,80.286,27.238
1011,2020-10,WINTERS.A,0.0,84.37,50.148,0.0,68.111,66.481,363.556,75.815,19.963
1012,2020-11,WINTERS.A,0.008,66.042,38.125,0.0,55.958,54.792,222.458,84.0,33.375
1013,2020-12,WINTERS.A,0.035,60.421,37.105,0.0,50.158,49.368,168.105,87.421,40.474
1014,2021-01,WINTERS.A,0.042,59.567,39.4,0.0,50.133,49.067,183.2,91.7,53.633
1015,2021-02,WINTERS.A,0.018,64.679,42.321,0.0,52.643,51.5,319.286,80.75,35.357
1016,2021-03,WINTERS.A,0.027,66.2,41.5,0.0,54.533,53.1,451.4,77.0,31.233
1017,2021-04,WINTERS.A,0.005,77.6,45.533,0.0,63.4,61.233,617.367,77.767,24.333
1018,2021-05,WINTERS.A,0.0,85.0,53.759,0.0,70.276,68.241,701.897,69.828,22.172
1019,2021-06,WINTERS.A,0.0,91.4,57.0,0.0,75.867,73.5,724.6,80.967,27.433
1020,2021-07,WINTERS.A,0.0,96.833,58.0,0.0,76.5,74.917,687.583,89.417,29.75
1021,2021-08,WINTERS.A,0.001,91.0,57.312,0.0,75.5,74.0,586.625,85.438,27.812
1022,2021-09,WINTERS.A,0.002,90.519,55.185,0.0,71.593,70.185,528.222,79.889,22.963
1023,2021-10,WINTERS.A,0.03,74.65,49.65,0.0,64.9,63.5,308.8,90.05,43.9
1024,2021-11,WINTERS.A,0.03,65.32,43.84,0.0,58.84,58.04,204.92,99.12,54.76
1025,2021-12,WINTERS.A,0.119,52.862,37.793,0.0,51.586,51.034,126.069,100.0,71.724
1026,2022-01,WINTERS.A,0.113,54.333,38.333,0.0,49.0,47.667,138.333,100.0,66.667
1027,2023-01,WINTERS.A,0.015,54.0,43.5,1.0,48.0,47.0,173.0,69.5,60.0
