,quarter_start,quarter_end,state,day_1_colonies,max_colonies,lost_colonies,percent_lost,added_colonies,renovated_colonies,percent_renovated
0,2015-01,2015-03,Alabama,7000,7000,1800,26,2800,250,4
1,2015-01,2015-03,Arizona,35000,35000,4600,13,3400,2100,6
2,2015-01,2015-03,Arkansas,13000,14000,1500,11,1200,90,1
3,2015-01,2015-03,California,1440000,1690000,255000,15,250000,124000,7
4,2015-01,2015-03,Colorado,3500,12500,1500,12,200,140,1
5,2015-01,2015-03,Connecticut,3900,3900,870,22,290,nan,nan
6,2015-01,2015-03,Florida,305000,315000,42000,13,54000,25000,8
7,2015-01,2015-03,Georgia,104000,105000,14500,14,47000,9500,9
8,2015-01,2015-03,Hawaii,10500,10500,380,4,3400,760,7
9,2015-01,2015-03,Idaho,81000,88000,3700,4,2600,8000,9
10,2015-01,2015-03,Illinois,6000,10500,4200,40,2300,390,4
11,2015-01,2015-03,Indiana,9000,9500,2100,22,490,120,1
12,2015-01,2015-03,Iowa,12500,17500,3100,18,1700,270,2
13,2015-01,2015-03,Kansas,4600,7000,1600,23,450,70,1
14,2015-01,2015-03,Kentucky,7500,10500,4100,39,250,nan,nan
15,2015-01,2015-03,Louisiana,51000,51000,8000,16,3100,6500,13
16,2015-01,2015-03,Maine,3100,6500,380,6,20,nan,nan
17,2015-01,2015-03,Maryland,7500,10000,4100,41,1600,870,9
18,2015-01,2015-03,Massachusetts,2900,4600,1000,22,260,120,3
19,2015-01,2015-03,Michigan,16500,60000,11500,19,7500,2400,4
20,2015-01,2015-03,Minnesota,28000,74000,3700,5,690,530,1
21,2015-01,2015-03,Mississippi,34000,76000,8500,11,22000,7500,10
22,2015-01,2015-03,Missouri,12000,13000,2000,15,220,910,7
23,2015-01,2015-03,Montana,8500,36000,2200,6,1400,1100,3
24,2015-01,2015-03,Nebraska,10000,31000,2600,8,120,310,1
25,2015-01,2015-03,New Jersey,6000,9000,1100,12,570,1600,18
26,2015-01,2015-03,New Mexico,7000,7000,690,10,190,600,9
27,2015-01,2015-03,New York,27000,30000,6500,22,430,950,3
28,2015-01,2015-03,North Carolina,24000,26000,7000,27,6000,690,3
29,2015-01,2015-03,North Dakota,57000,120000,620,1,1800,530,0
30,2015-01,2015-03,Ohio,18000,22000,10500,48,5000,3300,15
31,2015-01,2015-03,Oklahoma,9500,26000,6000,23,2600,260,1
32,2015-01,2015-03,Oregon,77000,87000,6500,8,4300,2400,3
33,2015-01,2015-03,Pennsylvania,14000,21000,6500,31,360,nan,nan
34,2015-01,2015-03,South Carolina,17000,17500,2700,15,2700,1400,8
35,2015-01,2015-03,South Dakota,50000,97000,4600,5,8500,2800,3
36,2015-01,2015-03,Tennessee,9500,9500,2000,21,1000,190,2
37,2015-01,2015-03,Texas,191000,250000,26000,10,82000,51000,20
38,2015-01,2015-03,Utah,6000,24000,3300,14,2500,290,1
39,2015-01,2015-03,Vermont,5500,5500,700,13,1200,20,0
40,2015-01,2015-03,Virginia,8000,9000,2500,28,800,460,5
41,2015-01,2015-03,Washington,52000,105000,14000,13,13500,9000,9
42,2015-01,2015-03,West Virginia,4700,6000,1800,30,570,60,1
43,2015-01,2015-03,Wisconsin,16500,29000,8000,28,3100,2500,9
44,2015-01,2015-03,Wyoming,5500,12000,2000,17,2000,1400,12
45,2015-01,2015-03,Other States,3410,8990,2080,23,870,150,2
46,2015-01,2015-03,United States,2824610,nan,500020,18,546980,270530,10
47,2015-04,2015-06,Alabama,7500,7500,860,12,1900,680,9
48,2015-04,2015-06,Arizona,33000,33000,5500,17,19500,7000,21
49,2015-04,2015-06,Arkansas,13500,13500,1900,14,11500,5500,41
50,2015-04,2015-06,California,1040000,1050000,104000,10,170000,285000,27
51,2015-04,2015-06,Colorado,12000,25000,1900,8,6000,3500,14
52,2015-04,2015-06,Connecticut,3000,3000,80,3,1100,150,5
53,2015-04,2015-06,Florida,210000,215000,35000,16,44000,24000,11
54,2015-04,2015-06,Georgia,114000,124000,23000,19,25000,19000,15
55,2015-04,2015-06,Hawaii,13500,13500,120,1,1100,1200,9
56,2015-04,2015-06,Idaho,62000,72000,6500,9,16500,10500,15
57,2015-04,2015-06,Illinois,9500,9500,1300,14,6000,1500,16
58,2015-04,2015-06,Indiana,8000,12500,1300,10,4900,4300,34
59,2015-04,2015-06,Iowa,12500,24000,1400,6,6500,3100,13
60,2015-04,2015-06,Kansas,6000,7000,670,10,2800,420,6
61,2015-04,2015-06,Kentucky,7500,8500,980,12,3600,1500,18
62,2015-04,2015-06,Louisiana,44000,45000,1800,4,6500,8000,18
63,2015-04,2015-06,Maine,4600,30000,3200,11,3500,700,2
64,2015-04,2015-06,Maryland,8000,11000,370,3,2600,710,7
65,2015-04,2015-06,Massachusetts,4100,14000,320,2,940,510,4
66,2015-04,2015-06,Michigan,58000,88000,9500,11,13500,5500,6
67,2015-04,2015-06,Minnesota,71000,125000,12500,10,20000,21000,17
68,2015-04,2015-06,Mississippi,89000,89000,11000,12,5500,10000,11
69,2015-04,2015-06,Missouri,11500,12500,500,4,1900,1800,14
70,2015-04,2015-06,Montana,36000,210000,4200,2,14000,33000,16
71,2015-04,2015-06,Nebraska,29000,68000,4100,6,15500,4600,7
72,2015-04,2015-06,New Jersey,8500,19000,1800,10,2100,2900,15
73,2015-04,2015-06,New Mexico,6500,8500,1000,12,1500,330,4
74,2015-04,2015-06,New York,24000,34000,1100,3,11000,1500,4
75,2015-04,2015-06,North Carolina,19500,23000,1800,8,5500,3300,14
76,2015-04,2015-06,North Dakota,121000,450000,29000,6,39000,61000,14
77,2015-04,2015-06,Ohio,17500,19000,2100,11,10000,6000,32
78,2015-04,2015-06,Oklahoma,25000,27000,2200,8,5500,2200,8
79,2015-04,2015-06,Oregon,82000,95000,5500,6,14500,9500,10
80,2015-04,2015-06,Pennsylvania,15500,19000,1600,8,8500,2600,14
81,2015-04,2015-06,South Carolina,17500,18500,950,5,1100,2000,11
82,2015-04,2015-06,South Dakota,100000,290000,21000,7,27000,23000,8
83,2015-04,2015-06,Tennessee,7500,7500,730,10,3600,920,12
84,2015-04,2015-06,Texas,305000,315000,33000,11,76000,94000,30
85,2015-04,2015-06,Utah,24000,27000,3400,13,10000,3900,14
86,2015-04,2015-06,Vermont,6000,6000,100,2,580,50,1
87,2015-04,2015-06,Virginia,7500,7500,270,4,2100,430,6
88,2015-04,2015-06,Washington,105000,127000,5000,4,15000,13000,10
89,2015-04,2015-06,West Virginia,4700,4700,570,12,2900,590,13
90,2015-04,2015-06,Wisconsin,25000,65000,4600,7,10000,5500,9
91,2015-04,2015-06,Wyoming,12000,25000,3200,13,7500,5000,20
92,2015-04,2015-06,Other States,8600,11200,1940,17,4140,1960,18
93,2015-04,2015-06,United States,2849500,nan,352860,12,661860,692850,24
94,2015-07,2015-09,Alabama,8500,9000,1400,16,160,260,3
95,2015-07,2015-09,Arizona,40000,40000,6000,15,4300,15500,39
96,2015-07,2015-09,Arkansas,23000,30000,9000,30,500,210,1
97,2015-07,2015-09,California,730000,800000,76000,10,40000,93000,12
98,2015-07,2015-09,Colorado,29000,30000,4500,15,1400,1400,5
99,2015-07,2015-09,Connecticut,3700,3700,50,1,190,440,12
100,2015-07,2015-09,Florida,164000,220000,36000,16,37000,29000,13
101,2015-07,2015-09,Georgia,108000,110000,13000,12,19500,15500,14
102,2015-07,2015-09,Hawaii,14500,14500,2700,19,1200,5500,38
103,2015-07,2015-09,Idaho,80000,128000,14000,11,5500,11500,9
104,2015-07,2015-09,Illinois,14000,14000,1400,10,1300,1100,8
105,2015-07,2015-09,Indiana,15000,15000,1600,11,1400,420,3
106,2015-07,2015-09,Iowa,29000,37000,3000,8,640,680,2
107,2015-07,2015-09,Kansas,9000,9500,1000,11,100,160,2
108,2015-07,2015-09,Kentucky,10000,10000,1300,13,170,550,6
109,2015-07,2015-09,Louisiana,50000,55000,2000,4,2300,1800,3
110,2015-07,2015-09,Maine,6000,6000,450,8,410,140,2
111,2015-07,2015-09,Maryland,7000,7500,680,9,730,70,1
112,2015-07,2015-09,Massachusetts,7500,7500,560,8,290,400,5
113,2015-07,2015-09,Michigan,89000,89000,7000,8,3300,3800,4
114,2015-07,2015-09,Minnesota,133000,136000,32000,24,640,2300,2
115,2015-07,2015-09,Mississippi,23000,34000,3500,10,260,110,0
116,2015-07,2015-09,Missouri,14000,14000,1200,9,700,630,5
117,2015-07,2015-09,Montana,140000,156000,10500,7,3200,10000,6
118,2015-07,2015-09,Nebraska,67000,77000,6000,8,500,6000,8
119,2015-07,2015-09,New Jersey,18500,18500,210,1,190,500,3
120,2015-07,2015-09,New Mexico,6500,6500,1600,25,1300,650,10
121,2015-07,2015-09,New York,44000,47000,6500,14,4400,7000,15
122,2015-07,2015-09,North Carolina,24000,24000,2900,12,2500,1100,5
123,2015-07,2015-09,North Dakota,460000,500000,93000,19,11000,22000,4
124,2015-07,2015-09,Ohio,23000,23000,1900,8,2300,880,4
125,2015-07,2015-09,Oklahoma,19500,22000,230,1,160,190,1
126,2015-07,2015-09,Oregon,68000,100000,8500,9,8000,21000,21
127,2015-07,2015-09,Pennsylvania,25000,25000,1800,7,1800,2400,10
128,2015-07,2015-09,South Carolina,12000,12000,2000,17,880,580,5
129,2015-07,2015-09,South Dakota,295000,295000,53000,18,2100,13000,4
130,2015-07,2015-09,Tennessee,10000,10000,1200,12,500,350,4
131,2015-07,2015-09,Texas,76000,136000,16500,12,5500,4800,4
132,2015-07,2015-09,Utah,31000,36000,8000,22,1400,2200,6
133,2015-07,2015-09,Vermont,6000,6500,40,1,30,20,0
134,2015-07,2015-09,Virginia,8000,8000,680,9,520,220,3
135,2015-07,2015-09,Washington,84000,97000,11500,12,1800,20000,21
136,2015-07,2015-09,West Virginia,7000,7000,300,4,300,270,4
137,2015-07,2015-09,Wisconsin,60000,62000,9000,15,1300,4300,7
138,2015-07,2015-09,Wyoming,29000,35000,2500,7,270,440,1
139,2015-07,2015-09,Other States,12180,12280,900,7,1050,700,6
140,2015-07,2015-09,United States,3132880,nan,457100,15,172990,303070,10
141,2015-10,2015-12,Alabama,8000,8000,610,8,80,60,1
142,2015-10,2015-12,Arizona,36000,39000,12000,31,3000,16000,41
143,2015-10,2015-12,Arkansas,23000,27000,2400,9,1900,nan,nan
144,2015-10,2015-12,California,750000,1260000,149000,12,39000,75000,6
145,2015-10,2015-12,Colorado,24000,24000,2500,10,3400,nan,nan
146,2015-10,2015-12,Connecticut,3200,3200,210,7,40,70,2
147,2015-10,2015-12,Florida,220000,260000,37000,14,30000,28000,11
148,2015-10,2015-12,Georgia,110000,121000,18000,15,4400,1900,2
149,2015-10,2015-12,Hawaii,13000,13000,690,5,2700,760,6
150,2015-10,2015-12,Idaho,121000,145000,22000,15,5500,5500,4
151,2015-10,2015-12,Illinois,14000,14000,690,5,nan,30,0
152,2015-10,2015-12,Indiana,11500,11500,1100,10,140,nan,nan
153,2015-10,2015-12,Iowa,35000,35000,4300,12,40,30,0
154,2015-10,2015-12,Kansas,8500,8500,3400,40,50,20,0
155,2015-10,2015-12,Kentucky,8500,8500,1100,13,20,10,0
156,2015-10,2015-12,Louisiana,55000,71000,4900,7,1100,2400,3
157,2015-10,2015-12,Maine,4700,4700,60,1,530,20,0
158,2015-10,2015-12,Maryland,7500,9500,730,8,nan,nan,nan
159,2015-10,2015-12,Massachusetts,4500,4500,260,6,30,30,1
160,2015-10,2015-12,Michigan,67000,73000,9000,12,210,1600,2
161,2015-10,2015-12,Minnesota,104000,105000,10000,10,600,40,0
162,2015-10,2015-12,Mississippi,31000,34000,1500,4,500,230,1
163,2015-10,2015-12,Missouri,13500,13500,690,5,30,40,0
164,2015-10,2015-12,Montana,116000,123000,10000,8,1000,80,0
165,2015-10,2015-12,Nebraska,72000,73000,7000,10,10,5500,8
166,2015-10,2015-12,New Jersey,8000,8500,270,3,20,10,0
167,2015-10,2015-12,New Mexico,6000,6000,290,5,290,30,1
168,2015-10,2015-12,New York,45000,45000,4000,9,260,10,0
169,2015-10,2015-12,North Carolina,22000,22000,2200,10,510,70,0
170,2015-10,2015-12,North Dakota,230000,275000,35000,13,2700,9000,3
171,2015-10,2015-12,Ohio,19000,19000,2400,13,200,140,1
172,2015-10,2015-12,Oklahoma,5000,10000,650,7,290,60,1
173,2015-10,2015-12,Oregon,100000,114000,8500,8,200,1400,1
174,2015-10,2015-12,Pennsylvania,22000,23000,2500,11,1300,6500,28
175,2015-10,2015-12,South Carolina,10000,17500,2200,13,640,1000,6
176,2015-10,2015-12,South Dakota,194000,205000,9000,4,2400,nan,nan
177,2015-10,2015-12,Tennessee,8500,10000,1100,11,70,420,4
178,2015-10,2015-12,Texas,125000,250000,25000,10,13000,2000,1
179,2015-10,2015-12,Utah,28000,28000,1900,7,120,100,0
180,2015-10,2015-12,Vermont,6500,6500,940,15,10,10,0
181,2015-10,2015-12,Virginia,7500,7500,750,10,nan,350,5
182,2015-10,2015-12,Washington,87000,89000,6500,7,330,170,0
183,2015-10,2015-12,West Virginia,7000,7000,610,9,190,140,2
184,2015-10,2015-12,Wisconsin,48000,48000,6500,14,210,10,0
185,2015-10,2015-12,Wyoming,24000,25000,1300,5,30,nan,nan
186,2015-10,2015-12,Other States,11360,12560,1630,13,100,50,0
187,2015-10,2015-12,United States,2874760,nan,412380,14,117150,158790,6
188,2016-01,2016-03,Alabama,7500,7500,1700,23,2100,90,1
189,2016-01,2016-03,Arizona,30000,30000,4700,16,3500,150,1
190,2016-01,2016-03,Arkansas,27000,27000,5000,19,5000,1100,4
191,2016-01,2016-03,California,1130000,1410000,200000,14,210000,139000,10
192,2016-01,2016-03,Colorado,5000,8500,750,9,1700,10,0
193,2016-01,2016-03,Connecticut,2700,2700,270,10,70,10,0
194,2016-01,2016-03,Florida,275000,295000,40000,14,49000,15500,5
195,2016-01,2016-03,Georgia,100000,100000,15500,16,36000,3200,3
196,2016-01,2016-03,Hawaii,15000,15000,280,2,570,530,4
197,2016-01,2016-03,Idaho,91000,98000,8500,9,5500,3300,3
198,2016-01,2016-03,Illinois,8500,9500,1400,15,860,40,0
199,2016-01,2016-03,Indiana,6500,6500,770,12,30,nan,nan
200,2016-01,2016-03,Iowa,13000,13000,2900,22,90,nan,nan
201,2016-01,2016-03,Kansas,5000,5000,1100,22,1400,100,2
202,2016-01,2016-03,Kentucky,6500,6500,1300,20,390,40,1
203,2016-01,2016-03,Louisiana,54000,55000,11000,20,9500,2600,5
204,2016-01,2016-03,Maine,2200,3700,170,5,nan,nan,nan
205,2016-01,2016-03,Maryland,7500,7500,820,11,1200,10,0
206,2016-01,2016-03,Massachusetts,3000,3000,370,12,1200,140,5
207,2016-01,2016-03,Michigan,25000,42000,5000,12,2300,80,0
208,2016-01,2016-03,Minnesota,36000,38000,5500,14,6000,nan,nan
209,2016-01,2016-03,Mississippi,21000,50000,7500,15,48000,25000,50
210,2016-01,2016-03,Missouri,10000,10000,1300,13,5500,420,4
211,2016-01,2016-03,Montana,16500,65000,900,1,24000,nan,nan
212,2016-01,2016-03,Nebraska,11000,20000,720,4,510,nan,nan
213,2016-01,2016-03,New Jersey,6000,6000,1000,17,80,20,nan
214,2016-01,2016-03,New Mexico,6000,6500,1700,26,1400,30,1
215,2016-01,2016-03,New York,31000,33000,4200,13,970,600,2
216,2016-01,2016-03,North Carolina,18500,24000,2600,11,1100,230,1
217,2016-01,2016-03,North Dakota,89000,137000,8500,6,4600,nan,nan
218,2016-01,2016-03,Ohio,16500,16500,2900,18,760,50,0
219,2016-01,2016-03,Oklahoma,13500,13500,3300,24,4800,570,4
220,2016-01,2016-03,Oregon,68000,92000,2900,3,3800,1300,1
221,2016-01,2016-03,Pennsylvania,12500,12500,2900,23,480,170,1
222,2016-01,2016-03,South Carolina,16500,16500,3500,21,3200,380,2
223,2016-01,2016-03,South Dakota,47000,79000,10500,13,1600,nan,nan
224,2016-01,2016-03,Tennessee,9000,9000,1700,19,180,70,1
225,2016-01,2016-03,Texas,240000,320000,30000,9,126000,49000,15
226,2016-01,2016-03,Utah,12000,14500,1900,13,1400,50,0
227,2016-01,2016-03,Vermont,5500,5500,410,7,nan,nan,nan
228,2016-01,2016-03,Virginia,6500,6500,1100,17,560,70,1
229,2016-01,2016-03,Washington,77000,146000,13500,9,5500,1200,1
230,2016-01,2016-03,West Virginia,6500,8000,1700,21,nan,nan,nan
231,2016-01,2016-03,Wisconsin,20000,21000,3100,15,530,nan,nan
232,2016-01,2016-03,Wyoming,2700,6500,340,5,440,nan,nan
233,2016-01,2016-03,Other States,7340,7940,900,11,60,nan,nan
234,2016-01,2016-03,United States,2619940,nan,416100,16,571880,245060,9
235,2016-04,2016-06,Alabama,8000,8000,930,12,1200,690,9
236,2016-04,2016-06,Arizona,22000,23000,3700,16,14000,1600,7
237,2016-04,2016-06,Arkansas,24000,24000,3400,14,12000,1600,7
238,2016-04,2016-06,California,1110000,1150000,108000,9,240000,185000,16
239,2016-04,2016-06,Colorado,9500,29000,1800,6,9000,680,2
240,2016-04,2016-06,Connecticut,2500,2500,100,4,390,60,2
241,2016-04,2016-06,Florida,240000,240000,29000,12,43000,21000,9
242,2016-04,2016-06,Georgia,108000,111000,11000,10,17500,3600,3
243,2016-04,2016-06,Hawaii,13500,13500,830,6,870,nan,nan
244,2016-04,2016-06,Idaho,60000,80000,6000,8,19000,5500,7
245,2016-04,2016-06,Illinois,9000,9000,740,8,2200,380,4
246,2016-04,2016-06,Indiana,4300,7000,220,3,2700,900,13
247,2016-04,2016-06,Iowa,10500,26000,2400,9,26000,760,3
248,2016-04,2016-06,Kansas,4700,6000,960,16,3000,900,15
249,2016-04,2016-06,Kentucky,5500,6000,450,8,2100,270,5
250,2016-04,2016-06,Louisiana,52000,53000,4300,8,10000,9500,18
251,2016-04,2016-06,Maine,3600,25000,4200,17,510,560,2
252,2016-04,2016-06,Maryland,8000,9000,320,4,2800,400,4
253,2016-04,2016-06,Massachusetts,4200,8500,300,4,1100,440,5
254,2016-04,2016-06,Michigan,40000,103000,7500,7,13500,3200,3
255,2016-04,2016-06,Minnesota,27000,126000,13000,10,24000,4200,3
256,2016-04,2016-06,Mississippi,85000,90000,3700,4,9000,61000,68
257,2016-04,2016-06,Missouri,12000,12500,770,6,1800,730,6
258,2016-04,2016-06,Montana,62000,157000,7000,4,25000,13500,9
259,2016-04,2016-06,Nebraska,19500,43000,6000,14,8000,28000,65
260,2016-04,2016-06,New Jersey,4200,18000,1500,8,1900,110,1
261,2016-04,2016-06,New Mexico,6500,6500,1400,22,2700,100,2
262,2016-04,2016-06,New York,31000,46000,4000,9,13500,1500,3
263,2016-04,2016-06,North Carolina,23000,24000,1600,7,10000,550,2
264,2016-04,2016-06,North Dakota,110000,530000,27000,5,23000,95000,18
265,2016-04,2016-06,Ohio,14000,16500,1700,10,6000,1100,7
266,2016-04,2016-06,Oklahoma,12000,13000,310,2,4000,10000,77
267,2016-04,2016-06,Oregon,77000,132000,4300,3,19000,16000,12
268,2016-04,2016-06,Pennsylvania,11000,14000,1300,9,6500,1100,8
269,2016-04,2016-06,South Carolina,12500,13500,1300,10,2200,410,3
270,2016-04,2016-06,South Dakota,51000,182000,11000,6,15000,13000,7
271,2016-04,2016-06,Tennessee,8000,8000,580,7,3900,200,3
272,2016-04,2016-06,Texas,340000,350000,36000,10,74000,54000,15
273,2016-04,2016-06,Utah,14500,25000,4800,19,12000,7000,28
274,2016-04,2016-06,Vermont,5000,6500,20,0,480,30,0
275,2016-04,2016-06,Virginia,6000,6500,230,4,2200,480,7
276,2016-04,2016-06,Washington,91000,143000,6000,4,21000,11500,8
277,2016-04,2016-06,West Virginia,7000,7000,990,14,2600,160,2
278,2016-04,2016-06,Wisconsin,18500,78000,5500,7,17500,3600,5
279,2016-04,2016-06,Wyoming,6500,27000,2600,10,7500,580,2
280,2016-04,2016-06,Other States,7970,15530,1070,7,3270,270,2
281,2016-04,2016-06,United States,2801470,nan,329820,12,736920,561160,20
282,2016-07,2016-09,Alabama,8000,8000,1200,15,440,50,1
283,2016-07,2016-09,Arizona,30000,32000,6000,19,3200,2600,8
284,2016-07,2016-09,Arkansas,32000,32000,1500,5,270,60,0
285,2016-07,2016-09,California,740000,820000,82000,10,33000,78000,10
286,2016-07,2016-09,Colorado,33000,37000,6500,18,1100,740,2
287,2016-07,2016-09,Connecticut,3100,3100,270,9,890,180,6
288,2016-07,2016-09,Florida,200000,220000,25000,11,62000,14500,7
289,2016-07,2016-09,Georgia,102000,103000,13000,13,12500,2300,2
290,2016-07,2016-09,Hawaii,13500,13500,600,4,430,820,6
291,2016-07,2016-09,Idaho,79000,131000,13000,10,1900,2800,2
292,2016-07,2016-09,Illinois,11000,11000,1300,12,850,310,3
293,2016-07,2016-09,Indiana,9500,9500,600,6,450,550,6
294,2016-07,2016-09,Iowa,50000,50000,5500,11,10500,2400,5
295,2016-07,2016-09,Kansas,8000,8000,2600,33,310,190,2
296,2016-07,2016-09,Kentucky,7500,7500,1000,13,900,230,3
297,2016-07,2016-09,Louisiana,51000,60000,7000,12,2600,2100,4
298,2016-07,2016-09,Maine,5500,5500,420,8,240,140,3
299,2016-07,2016-09,Maryland,7000,7000,200,3,400,20,0
300,2016-07,2016-09,Massachusetts,9500,9500,530,6,450,40,0
301,2016-07,2016-09,Michigan,108000,108000,15000,14,11000,9500,9
302,2016-07,2016-09,Minnesota,132000,138000,26000,19,1300,1900,1
303,2016-07,2016-09,Mississippi,19000,20000,3300,17,750,740,4
304,2016-07,2016-09,Missouri,13500,13500,650,5,480,170,1
305,2016-07,2016-09,Montana,147000,158000,11500,7,4100,6500,4
306,2016-07,2016-09,Nebraska,45000,47000,8500,18,390,27000,57
307,2016-07,2016-09,New Jersey,18000,18000,270,2,120,80,0
308,2016-07,2016-09,New Mexico,6500,6500,1100,17,2000,1000,15
309,2016-07,2016-09,New York,56000,56000,10000,18,1900,800,1
310,2016-07,2016-09,North Carolina,25000,25000,1400,6,1400,1200,5
311,2016-07,2016-09,North Dakota,510000,550000,71000,13,25000,104000,19
312,2016-07,2016-09,Ohio,21000,21000,1600,8,980,630,3
313,2016-07,2016-09,Oklahoma,3700,3700,560,15,30,30,1
314,2016-07,2016-09,Oregon,107000,112000,7500,7,2900,4300,4
315,2016-07,2016-09,Pennsylvania,19000,22000,1300,6,680,780,4
316,2016-07,2016-09,South Carolina,13000,13500,920,7,990,50,0
317,2016-07,2016-09,South Dakota,178000,191000,25000,13,4200,9500,5
318,2016-07,2016-09,Tennessee,10000,10000,950,10,340,290,3
319,2016-07,2016-09,Texas,129000,143000,12000,8,12500,810,1
320,2016-07,2016-09,Utah,27000,33000,3200,10,1200,120,0
321,2016-07,2016-09,Vermont,6500,6500,400,6,170,50,1
322,2016-07,2016-09,Virginia,8000,8000,810,10,460,360,5
323,2016-07,2016-09,Washington,57000,74000,5000,7,7500,2000,3
324,2016-07,2016-09,West Virginia,7500,7500,190,3,130,220,3
325,2016-07,2016-09,Wisconsin,71000,75000,12000,16,880,640,1
326,2016-07,2016-09,Wyoming,32000,40000,7000,18,1800,1000,3
327,2016-07,2016-09,Other States,11880,11890,1920,16,1690,430,4
328,2016-07,2016-09,United States,3181180,nan,397290,12,217320,282130,9
329,2016-10,2016-12,Alabama,7000,7000,610,9,50,10,0
330,2016-10,2016-12,Arizona,29000,31000,6500,21,4600,3100,10
331,2016-10,2016-12,Arkansas,28000,28000,2500,9,20,10,0
332,2016-10,2016-12,California,770000,1330000,205000,15,40000,35000,3
333,2016-10,2016-12,Colorado,30000,30000,4500,15,2500,nan,nan
334,2016-10,2016-12,Connecticut,3100,3100,240,8,nan,nan,nan
335,2016-10,2016-12,Florida,255000,300000,41000,14,31000,11500,4
336,2016-10,2016-12,Georgia,96000,112000,11000,10,12000,450,0
337,2016-10,2016-12,Hawaii,13500,13500,970,7,60,840,6
338,2016-10,2016-12,Idaho,121000,143000,15500,11,5000,420,0
339,2016-10,2016-12,Illinois,9000,9000,720,8,nan,nan,nan
340,2016-10,2016-12,Indiana,7500,7500,1200,16,20,nan,nan
341,2016-10,2016-12,Iowa,54000,54000,4700,9,nan,20,0
342,2016-10,2016-12,Kansas,5000,5000,1300,26,200,nan,nan
343,2016-10,2016-12,Kentucky,7500,7500,950,13,60,80,1
344,2016-10,2016-12,Louisiana,48000,57000,2000,4,250,340,1
345,2016-10,2016-12,Maine,3500,3500,280,8,nan,nan,nan
346,2016-10,2016-12,Maryland,7500,9500,500,5,20,30,0
347,2016-10,2016-12,Massachusetts,8000,8000,740,9,nan,nan,nan
348,2016-10,2016-12,Michigan,101000,101000,12500,12,10,130,0
349,2016-10,2016-12,Minnesota,113000,114000,13500,12,nan,nan,nan
350,2016-10,2016-12,Mississippi,17500,30000,2400,8,330,60,0
351,2016-10,2016-12,Missouri,9000,9000,590,7,1400,640,7
352,2016-10,2016-12,Montana,124000,124000,16000,13,2700,nan,nan
353,2016-10,2016-12,Nebraska,37000,37000,4300,12,190,nan,nan
354,2016-10,2016-12,New Jersey,12000,12000,340,3,400,nan,nan
355,2016-10,2016-12,New Mexico,7000,7000,1600,23,1100,20,0
356,2016-10,2016-12,New York,48000,49000,9000,18,240,130,0
357,2016-10,2016-12,North Carolina,25000,25000,5500,22,220,50,0
358,2016-10,2016-12,North Dakota,385000,390000,44000,11,13500,2500,1
359,2016-10,2016-12,Ohio,19500,19500,2100,11,20,140,1
360,2016-10,2016-12,Oklahoma,3100,44000,2700,6,120,30,0
361,2016-10,2016-12,Oregon,98000,124000,9500,8,1500,1000,1
362,2016-10,2016-12,Pennsylvania,21000,21000,3100,15,120,180,1
363,2016-10,2016-12,South Carolina,12000,17000,1300,8,760,370,2
364,2016-10,2016-12,South Dakota,146000,146000,11000,8,nan,2400,2
365,2016-10,2016-12,Tennessee,9000,9000,840,9,120,10,0
366,2016-10,2016-12,Texas,136000,310000,39000,13,2200,650,0
367,2016-10,2016-12,Utah,30000,30000,1600,5,440,50,0
368,2016-10,2016-12,Vermont,6500,6500,260,4,20,10,0
369,2016-10,2016-12,Virginia,7000,7000,730,10,230,10,0
370,2016-10,2016-12,Washington,65000,97000,9000,9,3100,130,0
371,2016-10,2016-12,West Virginia,7500,7500,1000,13,80,60,1
372,2016-10,2016-12,Wisconsin,59000,59000,7500,13,10,20,0
373,2016-10,2016-12,Wyoming,25000,27000,2200,8,50,nan,nan
374,2016-10,2016-12,Other States,6360,6460,580,9,20,nan,nan
375,2016-10,2016-12,United States,3032060,nan,502350,17,124660,60390,2
376,2017-01,2017-03,Alabama,7000,7000,1600,23,570,740,11
377,2017-01,2017-03,Arizona,31000,32000,6000,19,2900,nan,nan
378,2017-01,2017-03,Arkansas,18000,20000,3500,18,430,230,1
379,2017-01,2017-03,California,1170000,1470000,195000,13,137000,93000,6
380,2017-01,2017-03,Colorado,9500,21000,1100,5,100,nan,nan
381,2017-01,2017-03,Connecticut,3100,3100,380,12,100,110,4
382,2017-01,2017-03,Florida,260000,265000,30000,11,78000,34000,13
383,2017-01,2017-03,Georgia,123000,125000,14000,11,25000,21000,17
384,2017-01,2017-03,Hawaii,13000,13000,190,1,510,50,0
385,2017-01,2017-03,Idaho,95000,99000,8500,9,2000,280,0
386,2017-01,2017-03,Illinois,11000,11000,2900,26,3100,150,1
387,2017-01,2017-03,Indiana,7000,7500,1900,25,1700,70,1
388,2017-01,2017-03,Iowa,10000,15500,3000,19,70,nan,nan
389,2017-01,2017-03,Kansas,3800,3800,1000,26,930,380,10
390,2017-01,2017-03,Kentucky,6500,7000,1300,19,950,430,6
391,2017-01,2017-03,Louisiana,44000,47000,2700,6,11000,1900,4
392,2017-01,2017-03,Maine,2700,3100,1000,32,100,nan,nan
393,2017-01,2017-03,Maryland,9000,9000,2100,23,770,260,3
394,2017-01,2017-03,Massachusetts,3300,3300,1500,45,120,110,3
395,2017-01,2017-03,Michigan,29000,59000,5000,8,600,130,0
396,2017-01,2017-03,Minnesota,27000,41000,3500,9,3300,nan,nan
397,2017-01,2017-03,Mississippi,31000,68000,2600,4,23000,7000,10
398,2017-01,2017-03,Missouri,7000,7500,1200,16,400,10,0
399,2017-01,2017-03,Montana,18500,46000,470,1,3100,6000,13
400,2017-01,2017-03,Nebraska,7500,13000,750,6,120,nan,nan
401,2017-01,2017-03,New Jersey,6000,6000,490,8,10,nan,nan
402,2017-01,2017-03,New Mexico,5500,5500,2100,38,3600,nan,nan
403,2017-01,2017-03,New York,32000,33000,6000,18,520,nan,nan
404,2017-01,2017-03,North Carolina,16000,23000,2500,11,3700,1200,5
405,2017-01,2017-03,North Dakota,50000,123000,640,1,1100,10,0
406,2017-01,2017-03,Ohio,15500,17500,4400,25,1300,530,3
407,2017-01,2017-03,Oklahoma,26000,26000,550,2,9500,1700,7
408,2017-01,2017-03,Oregon,71000,90000,8000,9,7500,1400,2
409,2017-01,2017-03,Pennsylvania,17000,18000,4000,22,810,390,2
410,2017-01,2017-03,South Carolina,17000,17500,1600,9,4700,970,6
411,2017-01,2017-03,South Dakota,21000,48000,2700,6,1500,440,1
412,2017-01,2017-03,Tennessee,8500,8500,1600,19,1500,160,2
413,2017-01,2017-03,Texas,275000,340000,49000,14,130000,68000,20
414,2017-01,2017-03,Utah,16000,19000,2700,14,3900,60,0
415,2017-01,2017-03,Vermont,6500,6500,440,7,nan,nan,nan
416,2017-01,2017-03,Virginia,8000,8000,1400,18,1900,280,4
417,2017-01,2017-03,Washington,68000,104000,9000,9,8500,nan,nan
418,2017-01,2017-03,West Virginia,5500,8000,800,10,450,100,1
419,2017-01,2017-03,Wisconsin,17000,22000,4400,20,450,70,0
420,2017-01,2017-03,Wyoming,6500,17000,3600,21,1300,nan,nan
421,2017-01,2017-03,Other States,6190,6490,1540,24,130,50,1
422,2017-01,2017-03,United States,2641090,nan,398650,15,478240,241210,9
423,2017-04,2017-06,Alabama,6500,6500,440,7,1200,500,8
424,2017-04,2017-06,Arizona,22000,22000,2600,12,12500,3000,14
425,2017-04,2017-06,Arkansas,17000,24000,1900,8,6000,1300,5
426,2017-04,2017-06,California,980000,990000,90000,9,160000,220000,22
427,2017-04,2017-06,Colorado,16500,31000,4500,15,8000,7500,24
428,2017-04,2017-06,Connecticut,3000,3000,140,5,2200,350,12
429,2017-04,2017-06,Florida,245000,255000,35000,14,40000,50000,20
430,2017-04,2017-06,Georgia,130000,137000,12500,9,21000,31000,23
431,2017-04,2017-06,Hawaii,12000,12000,70,1,3000,920,8
432,2017-04,2017-06,Idaho,61000,78000,10500,13,22000,31000,40
433,2017-04,2017-06,Illinois,11500,12000,1200,10,3600,1600,13
434,2017-04,2017-06,Indiana,7500,11000,1200,11,3000,510,5
435,2017-04,2017-06,Iowa,12000,23000,2400,10,23000,3900,17
436,2017-04,2017-06,Kansas,3800,6000,390,7,2500,870,15
437,2017-04,2017-06,Kentucky,7000,7500,900,12,3100,590,8
438,2017-04,2017-06,Louisiana,56000,62000,2600,4,4100,8000,13
439,2017-04,2017-06,Maine,2200,33000,910,3,1100,1400,4
440,2017-04,2017-06,Maryland,8000,9500,190,2,3400,930,10
441,2017-04,2017-06,Massachusetts,2500,8000,140,2,1400,490,6
442,2017-04,2017-06,Michigan,55000,100000,7500,8,20000,13500,14
443,2017-04,2017-06,Minnesota,32000,128000,12000,9,19000,8500,7
444,2017-04,2017-06,Mississippi,89000,89000,3800,4,5500,26000,29
445,2017-04,2017-06,Missouri,6500,7000,270,4,1800,1000,14
446,2017-04,2017-06,Montana,47000,135000,3700,3,18000,18000,13
447,2017-04,2017-06,Nebraska,7500,43000,1500,3,7000,27000,63
448,2017-04,2017-06,New Jersey,5500,21000,430,2,1900,660,3
449,2017-04,2017-06,New Mexico,7000,7500,1800,24,3300,3900,52
450,2017-04,2017-06,New York,25000,43000,1300,3,16500,7500,17
451,2017-04,2017-06,North Carolina,24000,25000,3000,12,5000,2700,11
452,2017-04,2017-06,North Dakota,115000,450000,16000,4,31000,41000,9
453,2017-04,2017-06,Ohio,13500,15000,1100,7,7000,2500,17
454,2017-04,2017-06,Oklahoma,17000,17000,200,1,4700,1200,7
455,2017-04,2017-06,Oregon,71000,92000,5000,5,15500,22000,24
456,2017-04,2017-06,Pennsylvania,15500,17500,540,3,7500,2300,13
457,2017-04,2017-06,South Carolina,20000,20000,870,4,3000,3700,19
458,2017-04,2017-06,South Dakota,30000,168000,13000,8,10000,23000,14
459,2017-04,2017-06,Tennessee,8500,9000,1300,14,2600,1500,17
460,2017-04,2017-06,Texas,345000,350000,28000,8,43000,148000,42
461,2017-04,2017-06,Utah,21000,31000,2700,9,12500,10000,32
462,2017-04,2017-06,Vermont,6000,8000,170,2,390,190,2
463,2017-04,2017-06,Virginia,8500,9500,1000,11,3100,1100,12
464,2017-04,2017-06,Washington,75000,111000,7000,6,30000,20000,18
465,2017-04,2017-06,West Virginia,7500,7500,370,5,4100,2500,33
466,2017-04,2017-06,Wisconsin,18000,65000,4000,6,13000,6500,10
467,2017-04,2017-06,Wyoming,15000,30000,1300,4,6000,3500,12
468,2017-04,2017-06,Other States,5650,7160,160,2,870,940,13
469,2017-04,2017-06,United States,2694150,nan,285590,11,613360,762550,28
470,2017-07,2017-09,Alabama,7000,9500,900,9,690,530,6
471,2017-07,2017-09,Arizona,26000,26000,4100,16,5000,3200,12
472,2017-07,2017-09,Arkansas,29000,29000,6000,21,4400,410,1
473,2017-07,2017-09,California,590000,670000,67000,10,73000,74000,11
474,2017-07,2017-09,Colorado,35000,42000,4300,10,2900,6410,15
475,2017-07,2017-09,Connecticut,3500,3500,130,4,50,20,1
476,2017-07,2017-09,Florida,176000,180000,39000,22,39000,42000,23
477,2017-07,2017-09,Georgia,121000,122000,15500,13,19000,23000,19
478,2017-07,2017-09,Hawaii,15000,15000,1100,7,430,20,0
479,2017-07,2017-09,Idaho,89000,116000,12000,10,9000,16500,14
480,2017-07,2017-09,Illinois,13000,13000,1100,8,710,1200,9
481,2017-07,2017-09,Indiana,13000,13000,930,7,420,740,6
482,2017-07,2017-09,Iowa,40000,43000,2200,5,2100,4000,9
483,2017-07,2017-09,Kansas,7000,7000,1700,24,1400,1000,14
484,2017-07,2017-09,Kentucky,9000,9000,1600,18,450,700,8
485,2017-07,2017-09,Louisiana,64000,64000,13500,21,14500,34000,53
486,2017-07,2017-09,Maine,5500,6000,400,7,210,290,5
487,2017-07,2017-09,Maryland,8500,8500,1600,19,1300,600,7
488,2017-07,2017-09,Massachusetts,9000,9000,760,8,790,460,5
489,2017-07,2017-09,Michigan,103000,109000,17500,16,4300,11500,11
490,2017-07,2017-09,Minnesota,136000,136000,20000,15,1900,2200,2
491,2017-07,2017-09,Mississippi,24000,24000,2900,12,250,230,1
492,2017-07,2017-09,Missouri,9000,9000,580,6,320,310,3
493,2017-07,2017-09,Montana,154000,161000,18500,11,3100,23000,14
494,2017-07,2017-09,Nebraska,46000,47000,3700,8,880,13500,29
495,2017-07,2017-09,New Jersey,16000,16000,420,3,280,110,1
496,2017-07,2017-09,New Mexico,8500,8500,2500,29,1800,200,2
497,2017-07,2017-09,New York,59000,59000,6500,11,3100,9000,15
498,2017-07,2017-09,North Carolina,26000,27000,3300,12,4100,2900,11
499,2017-07,2017-09,North Dakota,470000,490000,48000,10,24000,100000,20
500,2017-07,2017-09,Ohio,23000,23000,1800,8,1100,1800,8
501,2017-07,2017-09,Oklahoma,4400,4400,510,12,80,270,6
502,2017-07,2017-09,Oregon,94000,101000,13500,13,7500,28000,28
503,2017-07,2017-09,Pennsylvania,18500,18500,1500,8,6000,1600,9
504,2017-07,2017-09,South Carolina,14500,14500,1700,12,640,440,3
505,2017-07,2017-09,South Dakota,152000,159000,16500,10,6000,7500,5
506,2017-07,2017-09,Tennessee,10000,10000,1700,17,800,960,10
507,2017-07,2017-09,Texas,104000,115000,15000,13,21000,7500,7
508,2017-07,2017-09,Utah,35000,35000,6500,19,5500,3200,9
509,2017-07,2017-09,Vermont,7500,7500,180,2,520,270,4
510,2017-07,2017-09,Virginia,11500,11500,1200,10,430,430,4
511,2017-07,2017-09,Washington,82000,92000,17000,18,5500,10500,11
512,2017-07,2017-09,West Virginia,9000,9000,930,10,440,1900,21
513,2017-07,2017-09,Wisconsin,74000,75000,12500,17,6000,9000,12
514,2017-07,2017-09,Wyoming,35000,36000,5500,15,3100,3500,10
515,2017-07,2017-09,Other States,8100,10000,1070,11,380,650,7
516,2017-07,2017-09,United States,2994500,nan,394810,13,284370,449550,15
517,2017-10,2017-12,Alabama,7500,7500,990,13,550,500,7
518,2017-10,2017-12,Arizona,27000,30000,6500,22,1300,1100,4
519,2017-10,2017-12,Arkansas,25000,25000,7500,30,2500,440,2
520,2017-10,2017-12,California,680000,1200000,155000,13,90000,104000,9
521,2017-10,2017-12,Colorado,34000,34000,7000,21,1500,4000,12
522,2017-10,2017-12,Connecticut,4000,4000,330,8,190,110,3
523,2017-10,2017-12,Florida,180000,240000,50000,21,55000,36000,15
524,2017-10,2017-12,Georgia,125000,145000,21000,14,4300,2200,2
525,2017-10,2017-12,Hawaii,15000,15000,130,1,970,290,2
526,2017-10,2017-12,Idaho,113000,164000,9000,5,10000,5000,3
527,2017-10,2017-12,Illinois,13500,13500,1800,13,140,460,3
528,2017-10,2017-12,Indiana,11500,11500,1700,15,320,100,1
529,2017-10,2017-12,Iowa,45000,45000,6500,14,250,3400,8
530,2017-10,2017-12,Kansas,6500,6500,830,13,140,40,1
531,2017-10,2017-12,Kentucky,7500,7500,870,12,50,120,2
532,2017-10,2017-12,Louisiana,58000,60000,2700,5,390,1900,3
533,2017-10,2017-12,Maine,5500,6000,60,1,220,110,2
534,2017-10,2017-12,Maryland,8000,10500,1300,12,20,410,4
535,2017-10,2017-12,Massachusetts,6000,6000,1100,18,120,550,9
536,2017-10,2017-12,Michigan,88000,88000,11500,13,990,1900,2
537,2017-10,2017-12,Minnesota,98000,98000,7000,7,1900,450,0
538,2017-10,2017-12,Mississippi,14000,22000,3400,15,280,830,4
539,2017-10,2017-12,Missouri,9500,9500,820,9,100,230,2
540,2017-10,2017-12,Montana,115000,121000,13000,11,5500,2900,2
541,2017-10,2017-12,Nebraska,42000,42000,7500,18,80,50,0
542,2017-10,2017-12,New Jersey,15500,15500,1200,8,330,270,2
543,2017-10,2017-12,New Mexico,8000,8000,1900,24,1700,nan,nan
544,2017-10,2017-12,New York,51000,51000,3900,8,820,460,1
545,2017-10,2017-12,North Carolina,23000,23000,5000,22,60,290,1
546,2017-10,2017-12,North Dakota,410000,410000,26000,6,10000,2900,1
547,2017-10,2017-12,Ohio,18500,18500,2800,15,510,960,5
548,2017-10,2017-12,Oklahoma,3700,46000,100,0,40,nan,nan
549,2017-10,2017-12,Oregon,94000,94000,10000,11,70,18500,20
550,2017-10,2017-12,Pennsylvania,24000,24000,5500,23,2500,1100,5
551,2017-10,2017-12,South Carolina,12500,15000,2000,13,1300,750,5
552,2017-10,2017-12,South Dakota,111000,111000,6500,6,nan,nan,nan
553,2017-10,2017-12,Tennessee,8500,10500,1300,12,230,320,3
554,2017-10,2017-12,Texas,127000,285000,20000,7,3200,1900,1
555,2017-10,2017-12,Utah,29000,29000,2000,7,480,70,0
556,2017-10,2017-12,Vermont,6500,6500,470,7,10,10,0
557,2017-10,2017-12,Virginia,9500,9500,1100,12,300,210,2
558,2017-10,2017-12,Washington,66000,72000,4000,6,2900,14000,19
559,2017-10,2017-12,West Virginia,8500,8500,1200,14,70,1600,19
560,2017-10,2017-12,Wisconsin,51000,55000,8500,15,530,3000,5
561,2017-10,2017-12,Wyoming,28000,29000,3500,12,2500,320,1
562,2017-10,2017-12,Other States,6070,6970,360,5,150,240,3
563,2017-10,2017-12,United States,2849770,nan,424860,15,204510,213990,8
564,2018-01,2018-03,Alabama,7500,7500,820,11,1200,1500,20
565,2018-01,2018-03,Arizona,25000,26000,6000,23,810,230,1
566,2018-01,2018-03,Arkansas,22000,22000,7500,34,540,810,4
567,2018-01,2018-03,California,1150000,1540000,215000,14,205000,133000,9
568,2018-01,2018-03,Colorado,13000,21000,4900,23,1400,190,1
569,2018-01,2018-03,Connecticut,2900,2900,140,5,220,330,11
570,2018-01,2018-03,Florida,245000,255000,39000,15,57000,38000,15
571,2018-01,2018-03,Georgia,134000,139000,25000,18,29000,39000,28
572,2018-01,2018-03,Hawaii,17000,17000,1600,9,1200,5000,29
573,2018-01,2018-03,Idaho,164000,168000,22000,13,2500,2600,2
574,2018-01,2018-03,Illinois,10500,10500,2400,23,1000,630,6
575,2018-01,2018-03,Indiana,7000,8000,1000,13,300,30,0
576,2018-01,2018-03,Iowa,41000,44000,2100,5,270,110,0
577,2018-01,2018-03,Kansas,3700,3700,950,26,370,410,11
578,2018-01,2018-03,Kentucky,5500,5500,1200,22,760,20,0
579,2018-01,2018-03,Louisiana,50000,52000,3600,7,4100,320,1
580,2018-01,2018-03,Maine,1900,1900,410,22,20,30,2
581,2018-01,2018-03,Maryland,8000,8000,1600,20,400,190,2
582,2018-01,2018-03,Massachusetts,3700,3700,1000,27,240,290,8
583,2018-01,2018-03,Michigan,16500,37000,7000,19,4000,3900,11
584,2018-01,2018-03,Minnesota,39000,62000,3900,6,8000,2900,5
585,2018-01,2018-03,Mississippi,19000,32000,2000,6,28000,5500,17
586,2018-01,2018-03,Missouri,8000,8000,1400,18,1400,50,0
587,2018-01,2018-03,Montana,35000,60000,140,0,840,nan,nan
588,2018-01,2018-03,Nebraska,6500,14000,430,3,nan,nan,nan
589,2018-01,2018-03,New Jersey,6500,6500,730,11,180,190,3
590,2018-01,2018-03,New Mexico,7500,7500,3900,52,180,nan,nan
591,2018-01,2018-03,New York,26000,26000,3700,14,400,170,1
592,2018-01,2018-03,North Carolina,18500,18500,4200,23,2400,260,1
593,2018-01,2018-03,North Dakota,66000,101000,3200,3,2600,10,0
594,2018-01,2018-03,Ohio,12000,14000,4500,32,300,580,4
595,2018-01,2018-03,Oklahoma,17000,18000,3700,21,890,240,1
596,2018-01,2018-03,Oregon,81000,89000,4800,5,16500,3900,4
597,2018-01,2018-03,Pennsylvania,14500,15000,3300,22,1200,670,4
598,2018-01,2018-03,South Carolina,13500,14500,1800,12,1900,2800,19
599,2018-01,2018-03,South Dakota,23000,29000,390,1,250,90,0
600,2018-01,2018-03,Tennessee,10000,10000,3400,34,540,470,5
601,2018-01,2018-03,Texas,205000,290000,32000,11,124000,42000,14
602,2018-01,2018-03,Utah,7500,17000,620,4,490,50,0
603,2018-01,2018-03,Vermont,5500,5500,810,15,20,nan,nan
604,2018-01,2018-03,Virginia,7000,7000,2100,30,540,160,2
605,2018-01,2018-03,Washington,44000,90000,4600,5,7000,870,1
606,2018-01,2018-03,West Virginia,4700,8500,2500,29,330,60,1
607,2018-01,2018-03,Wisconsin,21000,29000,4600,16,2800,1600,6
608,2018-01,2018-03,Wyoming,5500,9000,220,2,70,nan,nan
609,2018-01,2018-03,Other States,3820,7020,1870,27,160,40,1
610,2018-01,2018-03,United States,2635220,nan,438030,17,511320,289200,11
611,2018-04,2018-06,Alabama,7000,8500,650,8,1700,710,8
612,2018-04,2018-06,Arizona,19000,19500,2600,13,14000,2100,11
613,2018-04,2018-06,Arkansas,14500,16000,2000,13,13000,1900,12
614,2018-04,2018-06,California,1130000,1200000,110000,9,172000,255000,21
615,2018-04,2018-06,Colorado,16500,27000,3000,11,12500,4700,17
616,2018-04,2018-06,Connecticut,3600,3600,120,3,340,170,5
617,2018-04,2018-06,Florida,250000,275000,56000,20,49000,68000,25
618,2018-04,2018-06,Georgia,131000,137000,18000,13,35000,16000,12
619,2018-04,2018-06,Hawaii,16500,16500,380,2,330,3100,19
620,2018-04,2018-06,Idaho,59000,94000,6500,7,14500,29000,31
621,2018-04,2018-06,Illinois,10000,10500,2300,22,5000,2900,28
622,2018-04,2018-06,Indiana,8000,9500,1800,19,4000,730,8
623,2018-04,2018-06,Iowa,45000,47000,4300,9,15500,4800,10
624,2018-04,2018-06,Kansas,3900,3900,300,8,3500,2100,54
625,2018-04,2018-06,Kentucky,5500,6000,910,15,1500,560,9
626,2018-04,2018-06,Louisiana,48000,48000,1400,3,4900,4000,8
627,2018-04,2018-06,Maine,2200,23000,3100,13,430,790,3
628,2018-04,2018-06,Maryland,7000,8000,370,5,2400,1200,15
629,2018-04,2018-06,Massachusetts,3500,8000,260,3,910,350,4
630,2018-04,2018-06,Michigan,37000,70000,7500,11,23000,8500,12
631,2018-04,2018-06,Minnesota,69000,116000,8500,7,42000,25000,22
632,2018-04,2018-06,Mississippi,50000,50000,3400,7,4000,7000,14
633,2018-04,2018-06,Missouri,7000,7000,390,6,2100,800,11
634,2018-04,2018-06,Montana,50000,176000,5500,3,17000,22000,13
635,2018-04,2018-06,Nebraska,10500,46000,2100,5,4000,900,2
636,2018-04,2018-06,New Jersey,4400,15000,270,2,1300,170,1
637,2018-04,2018-06,New Mexico,1900,4300,50,1,1700,450,10
638,2018-04,2018-06,New York,20000,42000,2700,6,11000,2400,6
639,2018-04,2018-06,North Carolina,16000,17500,2500,14,4100,800,5
640,2018-04,2018-06,North Dakota,74000,460000,23000,5,23000,64000,14
641,2018-04,2018-06,Ohio,11000,13000,1500,12,9000,2100,16
642,2018-04,2018-06,Oklahoma,15500,15500,1700,11,10500,6500,42
643,2018-04,2018-06,Oregon,41000,107000,3400,3,17500,24000,22
644,2018-04,2018-06,Pennsylvania,15500,19500,1100,6,6000,1600,8
645,2018-04,2018-06,South Carolina,14000,14000,1300,9,2600,4000,29
646,2018-04,2018-06,South Dakota,10000,169000,17000,10,12500,65000,38
647,2018-04,2018-06,Tennessee,8000,8000,1200,15,3800,1300,16
648,2018-04,2018-06,Texas,305000,315000,38000,12,79000,71000,23
649,2018-04,2018-06,Utah,14500,26000,1900,7,9500,4100,16
650,2018-04,2018-06,Vermont,5500,6500,520,8,2600,140,2
651,2018-04,2018-06,Virginia,5000,6000,500,8,2600,700,12
652,2018-04,2018-06,Washington,55000,122000,7500,6,15500,19000,16
653,2018-04,2018-06,West Virginia,7000,7000,570,8,2300,550,8
654,2018-04,2018-06,Wisconsin,26000,56000,6500,12,12000,7000,13
655,2018-04,2018-06,Wyoming,8500,28000,2300,8,5500,2200,8
656,2018-04,2018-06,Other States,4380,8670,380,4,1750,1030,12
657,2018-04,2018-06,United States,2665880,nan,355270,13,676360,740350,28
658,2018-07,2018-09,Alabama,8500,8500,1700,20,1600,1300,15
659,2018-07,2018-09,Arizona,31000,31000,8000,26,3200,3100,10
660,2018-07,2018-09,Arkansas,29000,29000,2300,8,2600,840,3
661,2018-07,2018-09,California,590000,700000,73000,10,63000,141000,20
662,2018-07,2018-09,Colorado,34000,35000,5000,14,1500,5000,14
663,2018-07,2018-09,Connecticut,3200,3200,130,4,80,310,10
664,2018-07,2018-09,Florida,197000,220000,30000,14,53000,40000,18
665,2018-07,2018-09,Georgia,134000,138000,17000,12,27000,33000,24
666,2018-07,2018-09,Hawaii,16500,16500,1800,11,1700,3000,18
667,2018-07,2018-09,Idaho,82000,101000,14000,14,15000,21000,21
668,2018-07,2018-09,Illinois,11000,11000,660,6,700,420,4
669,2018-07,2018-09,Indiana,11500,11500,990,9,520,1200,10
670,2018-07,2018-09,Iowa,56000,57000,3600,6,1200,990,2
671,2018-07,2018-09,Kansas,6000,6000,950,16,300,180,3
672,2018-07,2018-09,Kentucky,6500,7000,840,12,300,660,9
673,2018-07,2018-09,Louisiana,53000,53000,1900,4,1600,2300,4
674,2018-07,2018-09,Maine,12500,12500,890,7,60,170,1
675,2018-07,2018-09,Maryland,7500,7500,360,5,580,680,9
676,2018-07,2018-09,Massachusetts,8000,10000,2200,22,850,730,7
677,2018-07,2018-09,Michigan,88000,88000,8000,9,3000,22000,25
678,2018-07,2018-09,Minnesota,121000,127000,29000,23,1600,6500,5
679,2018-07,2018-09,Mississippi,16500,16500,2900,18,110,650,4
680,2018-07,2018-09,Missouri,10000,10000,540,5,260,410,4
681,2018-07,2018-09,Montana,145000,153000,18500,12,3100,22000,14
682,2018-07,2018-09,Nebraska,52000,54000,6500,12,8500,5000,9
683,2018-07,2018-09,New Jersey,14000,14000,320,2,250,220,2
684,2018-07,2018-09,New Mexico,6000,7000,1200,17,3800,1000,14
685,2018-07,2018-09,New York,55000,56000,3900,7,3600,3700,7
686,2018-07,2018-09,North Carolina,18000,18000,2200,12,2600,2000,11
687,2018-07,2018-09,North Dakota,455000,490000,59000,12,23000,14500,3
688,2018-07,2018-09,Ohio,16000,16000,1300,8,1300,2100,13
689,2018-07,2018-09,Oklahoma,2100,2100,370,18,20,10,0
690,2018-07,2018-09,Oregon,116000,117000,13000,11,3000,49000,42
691,2018-07,2018-09,Pennsylvania,20000,21000,860,4,2900,2300,11
692,2018-07,2018-09,South Carolina,9500,11500,1400,12,670,1100,10
693,2018-07,2018-09,South Dakota,168000,197000,22000,11,8000,6500,3
694,2018-07,2018-09,Tennessee,9000,9000,900,10,540,1000,11
695,2018-07,2018-09,Texas,112000,124000,7500,6,7500,9500,8
696,2018-07,2018-09,Utah,30000,30000,4400,15,970,1400,5
697,2018-07,2018-09,Vermont,7000,7000,90,1,1200,80,1
698,2018-07,2018-09,Virginia,7500,7500,610,8,1000,990,13
699,2018-07,2018-09,Washington,76000,84000,12000,14,7000,3600,4
700,2018-07,2018-09,West Virginia,7500,8000,520,7,170,1200,15
701,2018-07,2018-09,Wisconsin,61000,69000,10000,14,2400,3800,6
702,2018-07,2018-09,Wyoming,33000,34000,3900,11,1800,3900,11
703,2018-07,2018-09,Other States,6490,9990,890,9,480,440,4
704,2018-07,2018-09,United States,2958790,nan,377120,13,263560,420780,14
705,2018-10,2018-12,Alabama,6500,6500,830,13,210,1300,20
706,2018-10,2018-12,Arizona,26000,27000,5000,19,2200,330,1
707,2018-10,2018-12,Arkansas,30000,31000,6000,19,110,230,1
708,2018-10,2018-12,California,680000,1200000,170000,14,86000,46000,4
709,2018-10,2018-12,Colorado,30000,30000,3500,12,370,10,0
710,2018-10,2018-12,Connecticut,3500,3500,220,6,nan,60,2
711,2018-10,2018-12,Florida,240000,290000,43000,15,53000,20000,7
712,2018-10,2018-12,Georgia,148000,164000,19500,12,6500,49000,30
713,2018-10,2018-12,Hawaii,16000,16000,940,6,1700,6000,38
714,2018-10,2018-12,Idaho,99000,159000,15000,9,9000,910,1
715,2018-10,2018-12,Illinois,12000,12000,1400,12,600,350,3
716,2018-10,2018-12,Indiana,9000,9000,3300,37,40,1200,13
717,2018-10,2018-12,Iowa,21000,21000,4200,20,630,80,0
718,2018-10,2018-12,Kansas,5500,5500,1000,18,420,10,0
719,2018-10,2018-12,Kentucky,7000,7000,2000,29,60,430,6
720,2018-10,2018-12,Louisiana,50000,52000,2600,5,130,200,0
721,2018-10,2018-12,Maine,12000,12000,1400,12,210,880,7
722,2018-10,2018-12,Maryland,7000,9000,690,8,60,90,1
723,2018-10,2018-12,Massachusetts,4900,4900,650,13,110,320,7
724,2018-10,2018-12,Michigan,77000,77000,6000,8,3900,1800,2
725,2018-10,2018-12,Minnesota,84000,86000,11500,13,2500,590,1
726,2018-10,2018-12,Mississippi,14500,25000,2000,8,330,50,0
727,2018-10,2018-12,Missouri,10000,10000,880,9,170,150,2
728,2018-10,2018-12,Montana,98000,102000,5500,5,3100,500,0
729,2018-10,2018-12,Nebraska,45000,45000,5000,11,7000,840,2
730,2018-10,2018-12,New Jersey,15500,15500,1300,8,30,80,1
731,2018-10,2018-12,New Mexico,8000,8000,3000,38,50,nan,nan
732,2018-10,2018-12,New York,53000,53000,4400,8,1000,1500,3
733,2018-10,2018-12,North Carolina,16000,16000,2700,17,250,300,2
734,2018-10,2018-12,North Dakota,430000,435000,29000,7,7500,1500,0
735,2018-10,2018-12,Ohio,15500,15500,2100,14,170,450,3
736,2018-10,2018-12,Oklahoma,2200,57000,2500,4,60,20,0
737,2018-10,2018-12,Oregon,89000,101000,13000,13,10500,12000,12
738,2018-10,2018-12,Pennsylvania,21000,21000,4000,19,270,1500,7
739,2018-10,2018-12,South Carolina,10000,12500,1500,12,770,790,6
740,2018-10,2018-12,South Dakota,140000,140000,21000,15,2000,430,0
741,2018-10,2018-12,Tennessee,8000,8500,1900,22,30,370,4
742,2018-10,2018-12,Texas,116000,260000,17000,7,11000,70,0
743,2018-10,2018-12,Utah,27000,27000,3400,13,180,400,1
744,2018-10,2018-12,Vermont,6500,6500,170,3,10,20,0
745,2018-10,2018-12,Virginia,7000,7000,1100,16,80,1300,19
746,2018-10,2018-12,Washington,75000,81000,11000,14,5500,1400,2
747,2018-10,2018-12,West Virginia,7000,7000,1200,17,50,70,1
748,2018-10,2018-12,Wisconsin,48000,48000,8500,18,1600,530,1
749,2018-10,2018-12,Wyoming,30000,32000,2700,8,220,nan,nan
750,2018-10,2018-12,Other States,8370,8670,1150,13,20,500,6
751,2018-10,2018-12,United States,2868970,nan,444730,16,219640,154560,5
752,2019-01,2019-03,Alabama,5500,5500,650,12,800,200,4
753,2019-01,2019-03,Arizona,22000,22000,2500,11,430,90,0
754,2019-01,2019-03,Arkansas,28000,28000,6500,23,20,20,0
755,2019-01,2019-03,California,1140000,1580000,235000,15,83000,86000,5
756,2019-01,2019-03,Colorado,5000,7500,320,4,nan,nan,nan
757,2019-01,2019-03,Connecticut,3100,3100,270,9,170,10,0
758,2019-01,2019-03,Florida,300000,315000,46000,15,41000,16500,5
759,2019-01,2019-03,Georgia,120000,129000,14500,11,19500,8000,6
760,2019-01,2019-03,Hawaii,16500,16500,390,2,660,3700,22
761,2019-01,2019-03,Idaho,132000,145000,12500,9,4600,1100,1
762,2019-01,2019-03,Illinois,9000,9000,2300,26,210,80,1
763,2019-01,2019-03,Indiana,6000,6000,710,12,440,280,5
764,2019-01,2019-03,Iowa,7500,11500,1600,14,170,140,1
765,2019-01,2019-03,Kansas,4500,4500,1500,33,370,110,2
766,2019-01,2019-03,Kentucky,3700,4400,890,20,60,30,1
767,2019-01,2019-03,Louisiana,49000,51000,3500,7,9000,16000,31
768,2019-01,2019-03,Maine,7000,7000,470,7,10,30,0
769,2019-01,2019-03,Maryland,8000,8000,2300,29,30,10,0
770,2019-01,2019-03,Massachusetts,3800,3800,680,18,60,20,1
771,2019-01,2019-03,Michigan,24000,33000,6500,20,nan,nan,nan
772,2019-01,2019-03,Minnesota,17000,43000,2200,5,80,470,1
773,2019-01,2019-03,Mississippi,26000,29000,2400,8,3800,1700,6
774,2019-01,2019-03,Missouri,8500,8500,1100,13,80,60,1
775,2019-01,2019-03,Montana,37000,68000,3500,5,1700,1900,3
776,2019-01,2019-03,Nebraska,13500,16500,2500,15,nan,nan,nan
777,2019-01,2019-03,New Jersey,6000,6000,310,5,130,60,1
778,2019-01,2019-03,New Mexico,4800,4800,170,4,nan,nan,nan
779,2019-01,2019-03,New York,24000,24000,3400,14,110,80,0
780,2019-01,2019-03,North Carolina,10500,14500,1700,12,750,890,6
781,2019-01,2019-03,North Dakota,92000,102000,1100,1,nan,1300,1
782,2019-01,2019-03,Ohio,10500,12500,3500,28,1700,440,4
783,2019-01,2019-03,Oklahoma,21000,55000,50,0,20,nan,nan
784,2019-01,2019-03,Oregon,89000,95000,7500,8,8000,1800,2
785,2019-01,2019-03,Pennsylvania,15000,15000,2900,19,370,320,2
786,2019-01,2019-03,South Carolina,12000,13000,690,5,2000,340,3
787,2019-01,2019-03,South Dakota,18500,18500,1100,6,nan,nan,nan
788,2019-01,2019-03,Tennessee,6000,7000,1500,21,240,320,5
789,2019-01,2019-03,Texas,260000,330000,17000,5,61000,35000,11
790,2019-01,2019-03,Utah,8500,11000,1800,16,900,nan,nan
791,2019-01,2019-03,Vermont,6500,6500,260,4,50,0,0
792,2019-01,2019-03,Virginia,5500,5500,1100,20,80,110,2
793,2019-01,2019-03,Washington,51000,75000,7000,9,5500,2200,3
794,2019-01,2019-03,West Virginia,5000,7000,1300,19,20,60,1
795,2019-01,2019-03,Wisconsin,16500,17000,3700,22,580,100,1
796,2019-01,2019-03,Wyoming,6500,9500,250,3,nan,nan,nan
797,2019-01,2019-03,Other States,6070,6070,590,10,70,30,0
798,2019-01,2019-03,United States,2671470,nan,407700,15,247710,179500,7
799,2019-07,2019-09,Alabama,7000,7000,990,14,160,330,5
800,2019-07,2019-09,Arizona,26000,30000,2000,7,5500,3800,13
801,2019-07,2019-09,Arkansas,20000,21000,2100,10,170,680,3
802,2019-07,2019-09,California,650000,700000,93000,13,87000,108000,15
803,2019-07,2019-09,Colorado,33000,36000,9500,26,2200,3400,9
804,2019-07,2019-09,Connecticut,4400,4400,200,5,70,470,11
805,2019-07,2019-09,Florida,210000,240000,20000,8,46000,33000,14
806,2019-07,2019-09,Georgia,116000,118000,13000,11,12000,36000,31
807,2019-07,2019-09,Hawaii,17000,17000,200,1,200,6000,35
808,2019-07,2019-09,Idaho,95000,111000,10500,9,8500,12500,11
809,2019-07,2019-09,Illinois,13500,13500,940,7,460,1300,10
810,2019-07,2019-09,Indiana,14000,16000,1000,6,2200,1500,9
811,2019-07,2019-09,Iowa,30000,33000,3400,10,2000,4800,15
812,2019-07,2019-09,Kansas,7500,7500,1900,25,190,400,5
813,2019-07,2019-09,Kentucky,8000,8500,850,10,700,430,5
814,2019-07,2019-09,Louisiana,42000,44000,4100,9,4400,13000,30
815,2019-07,2019-09,Maine,11500,12000,1100,9,460,3500,29
816,2019-07,2019-09,Maryland,7500,7500,790,11,720,1200,16
817,2019-07,2019-09,Massachusetts,13500,13500,1100,8,800,560,4
818,2019-07,2019-09,Michigan,94000,99000,11000,11,3000,3300,3
819,2019-07,2019-09,Minnesota,126000,129000,21000,16,5000,2100,2
820,2019-07,2019-09,Mississippi,23000,23000,2900,13,550,850,4
821,2019-07,2019-09,Missouri,10500,10500,500,5,260,350,3
822,2019-07,2019-09,Montana,147000,154000,18500,12,3600,12500,8
823,2019-07,2019-09,Nebraska,40000,41000,3700,9,680,1400,3
824,2019-07,2019-09,New Jersey,16000,16000,680,4,650,3100,19
825,2019-07,2019-09,New Mexico,2400,5500,170,3,1000,550,10
826,2019-07,2019-09,New York,65000,69000,8500,12,3200,3700,5
827,2019-07,2019-09,North Carolina,22000,22000,2700,12,1800,5000,23
828,2019-07,2019-09,North Dakota,530000,530000,81000,15,15000,17500,3
829,2019-07,2019-09,Ohio,19500,19500,1600,8,2800,3000,15
830,2019-07,2019-09,Oklahoma,7500,7500,930,12,130,1100,15
831,2019-07,2019-09,Oregon,83000,118000,8000,7,6000,21000,18
832,2019-07,2019-09,Pennsylvania,19000,20000,980,5,1800,1900,10
833,2019-07,2019-09,South Carolina,14500,14500,2200,15,2000,1400,10
834,2019-07,2019-09,South Dakota,255000,255000,51000,20,1300,8000,3
835,2019-07,2019-09,Tennessee,14000,14000,4500,32,2200,2200,16
836,2019-07,2019-09,Texas,126000,133000,11000,8,6500,7000,5
837,2019-07,2019-09,Utah,24000,29000,2800,10,3500,1700,6
838,2019-07,2019-09,Vermont,7000,7000,120,2,80,490,7
839,2019-07,2019-09,Virginia,9000,9000,570,6,350,820,9
840,2019-07,2019-09,Washington,85000,97000,21000,22,12000,10000,10
841,2019-07,2019-09,West Virginia,10000,10000,1100,11,200,1100,11
842,2019-07,2019-09,Wisconsin,63000,63000,6500,10,2400,10000,16
843,2019-07,2019-09,Wyoming,24000,27000,3000,11,2500,3500,13
844,2019-07,2019-09,Other States,13660,13900,2080,15,320,900,6
845,2019-07,2019-09,United States,3175960,nan,434700,14,252550,355330,11
846,2019-10,2019-12,Alabama,6000,6000,660,11,240,70,1
847,2019-10,2019-12,Arizona,34000,36000,7000,19,300,300,1
848,2019-10,2019-12,Arkansas,19000,19500,1600,8,430,310,2
849,2019-10,2019-12,California,700000,1300000,136000,10,160000,37000,3
850,2019-10,2019-12,Colorado,27000,27000,8000,30,1100,440,2
851,2019-10,2019-12,Connecticut,3800,4000,300,8,10,50,1
852,2019-10,2019-12,Florida,270000,300000,30000,10,28000,15000,5
853,2019-10,2019-12,Georgia,119000,131000,20000,15,10500,10500,8
854,2019-10,2019-12,Hawaii,17000,17000,1300,8,300,50,0
855,2019-10,2019-12,Idaho,111000,196000,15500,8,1800,1000,1
856,2019-10,2019-12,Illinois,13000,13000,1700,13,1000,1500,12
857,2019-10,2019-12,Indiana,17500,17500,1300,7,160,180,1
858,2019-10,2019-12,Iowa,32000,32000,7500,23,1500,530,2
859,2019-10,2019-12,Kansas,4800,4900,650,13,190,460,9
860,2019-10,2019-12,Kentucky,8500,8500,410,5,190,170,2
861,2019-10,2019-12,Louisiana,41000,46000,2300,5,70,80,0
862,2019-10,2019-12,Maine,11500,11500,770,7,110,40,0
863,2019-10,2019-12,Maryland,6500,8000,1100,14,390,420,5
864,2019-10,2019-12,Massachusetts,5000,5000,1200,24,60,130,3
865,2019-10,2019-12,Michigan,84000,84000,6500,8,820,1500,2
866,2019-10,2019-12,Minnesota,97000,97000,15500,16,3400,60,0
867,2019-10,2019-12,Mississippi,21000,29000,3400,12,350,50,0
868,2019-10,2019-12,Missouri,9000,10000,1500,15,260,10,0
869,2019-10,2019-12,Montana,71000,79000,7000,9,770,4000,5
870,2019-10,2019-12,Nebraska,37000,38000,2700,7,320,10,0
871,2019-10,2019-12,New Jersey,15500,15500,220,1,60,80,1
872,2019-10,2019-12,New Mexico,6000,6000,70,1,30,10,0
873,2019-10,2019-12,New York,65000,65000,10000,15,630,510,1
874,2019-10,2019-12,North Carolina,17500,18000,3200,18,240,770,4
875,2019-10,2019-12,North Dakota,420000,420000,27000,6,3000,4300,1
876,2019-10,2019-12,Ohio,19000,19000,2700,14,800,390,2
877,2019-10,2019-12,Oklahoma,6500,37000,2500,7,460,nan,nan
878,2019-10,2019-12,Oregon,115000,130000,15000,12,650,2000,2
879,2019-10,2019-12,Pennsylvania,21000,21000,3800,18,1600,1100,5
880,2019-10,2019-12,South Carolina,12500,13500,1900,14,1400,430,3
881,2019-10,2019-12,South Dakota,189000,189000,7500,4,nan,40,0
882,2019-10,2019-12,Tennessee,11000,11000,1300,12,20,70,1
883,2019-10,2019-12,Texas,129000,240000,17500,7,8000,1700,1
884,2019-10,2019-12,Utah,30000,32000,4400,14,970,90,0
885,2019-10,2019-12,Vermont,7000,7000,190,3,100,270,4
886,2019-10,2019-12,Virginia,8000,8000,1200,15,10,190,2
887,2019-10,2019-12,Washington,89000,93000,12500,13,810,100,0
888,2019-10,2019-12,West Virginia,7500,8000,1500,19,30,1600,20
889,2019-10,2019-12,Wisconsin,46000,46000,8500,18,1800,3000,7
890,2019-10,2019-12,Wyoming,27000,28000,3300,12,100,490,2
891,2019-10,2019-12,Other States,11010,11510,1340,12,280,nan,nan
892,2019-10,2019-12,United States,3018110,nan,399510,13,233260,91000,3
893,2020-01,2020-03,Alabama,5500,7000,410,6,1900,780,11
894,2020-01,2020-03,Arizona,29000,31000,8500,27,3000,120,0
895,2020-01,2020-03,Arkansas,16500,16500,1600,10,1800,30,0
896,2020-01,2020-03,California,1350000,1710000,230000,13,240000,66000,4
897,2020-01,2020-03,Colorado,4500,13000,670,5,4000,500,4
898,2020-01,2020-03,Connecticut,3700,3800,330,9,360,nan,nan
899,2020-01,2020-03,Florida,295000,305000,30000,10,41000,8000,3
900,2020-01,2020-03,Georgia,115000,119000,14500,12,41000,22000,18
901,2020-01,2020-03,Hawaii,16000,16000,1800,11,1300,2200,14
902,2020-01,2020-03,Idaho,156000,168000,18500,11,4400,920,1
903,2020-01,2020-03,Illinois,11500,11500,2400,21,2900,160,1
904,2020-01,2020-03,Indiana,11000,11000,1600,15,1500,420,4
905,2020-01,2020-03,Iowa,9000,17000,1600,9,6000,420,2
906,2020-01,2020-03,Kansas,4500,6500,760,12,2000,130,2
907,2020-01,2020-03,Kentucky,7000,11000,1200,11,1400,120,1
908,2020-01,2020-03,Louisiana,44000,48000,4800,10,9000,20000,42
909,2020-01,2020-03,Maine,1300,1300,160,12,460,nan,nan
910,2020-01,2020-03,Maryland,7000,7000,1900,27,1900,30,0
911,2020-01,2020-03,Massachusetts,3800,3800,470,12,1100,100,3
912,2020-01,2020-03,Michigan,60000,60000,7000,12,10000,100,0
913,2020-01,2020-03,Minnesota,21000,58000,920,2,1300,40,0
914,2020-01,2020-03,Mississippi,26000,28000,5000,18,16000,660,2
915,2020-01,2020-03,Missouri,8500,8500,5500,65,3400,nan,nan
916,2020-01,2020-03,Montana,18000,47000,150,0,500,nan,nan
917,2020-01,2020-03,Nebraska,9000,17000,670,4,70,nan,nan
918,2020-01,2020-03,New Jersey,6500,6500,430,7,800,40,1
919,2020-01,2020-03,New Mexico,6000,6000,40,1,120,nan,nan
920,2020-01,2020-03,New York,29000,36000,2500,7,230,370,1
921,2020-01,2020-03,North Carolina,15000,24000,2500,10,2600,490,2
922,2020-01,2020-03,North Dakota,53000,82000,7500,9,nan,nan,nan
923,2020-01,2020-03,Ohio,15500,21000,6000,29,840,1100,5
924,2020-01,2020-03,Oklahoma,19500,19500,700,4,5000,nan,nan
925,2020-01,2020-03,Oregon,97000,108000,4800,4,9000,1700,2
926,2020-01,2020-03,Pennsylvania,18500,26000,2100,8,370,320,1
927,2020-01,2020-03,South Carolina,13000,17000,1400,8,2700,1100,6
928,2020-01,2020-03,South Dakota,20000,20000,1200,6,20,nan,nan
929,2020-01,2020-03,Tennessee,8000,14000,2700,19,2200,130,1
930,2020-01,2020-03,Texas,235000,340000,35000,10,83000,24000,7
931,2020-01,2020-03,Utah,12000,19000,1100,6,3000,nan,nan
932,2020-01,2020-03,Vermont,6500,7000,520,7,500,70,1
933,2020-01,2020-03,Virginia,6000,7000,1100,16,1600,60,1
934,2020-01,2020-03,Washington,49000,74000,1500,2,580,150,0
935,2020-01,2020-03,West Virginia,6000,8000,1100,14,600,680,9
936,2020-01,2020-03,Wisconsin,16000,28000,1900,7,700,370,1
937,2020-01,2020-03,Wyoming,4000,17000,140,1,450,60,0
938,2020-01,2020-03,Other States,7800,7800,440,6,560,20,0
939,2020-01,2020-03,United States,2876100,nan,415110,14,511160,153390,5
940,2020-04,2020-06,Alabama,8500,8500,4100,48,4700,2600,31
941,2020-04,2020-06,Arizona,26000,26000,1300,5,14500,4700,18
942,2020-04,2020-06,Arkansas,17000,17000,1800,11,4900,800,5
943,2020-04,2020-06,California,1200000,1200000,100000,8,175000,240000,20
944,2020-04,2020-06,Colorado,16500,27000,2100,8,7000,2800,10
945,2020-04,2020-06,Connecticut,3900,4300,30,1,1200,450,10
946,2020-04,2020-06,Florida,310000,310000,40000,13,25000,18500,6
947,2020-04,2020-06,Georgia,145000,147000,10000,7,18500,20000,14
948,2020-04,2020-06,Hawaii,15500,15500,nan,nan,3000,2300,15
949,2020-04,2020-06,Idaho,48000,81000,18000,22,22000,29000,36
950,2020-04,2020-06,Illinois,12000,12000,1500,13,4200,1700,14
951,2020-04,2020-06,Indiana,11000,12000,920,8,4500,1800,15
952,2020-04,2020-06,Iowa,21000,29000,3600,12,17000,4700,16
953,2020-04,2020-06,Kansas,7500,8000,680,9,1900,1800,23
954,2020-04,2020-06,Kentucky,11000,11000,1200,11,4200,3500,32
955,2020-04,2020-06,Louisiana,53000,53000,1800,3,2300,4700,9
956,2020-04,2020-06,Maine,1600,22000,700,3,520,110,1
957,2020-04,2020-06,Maryland,7000,8000,670,8,4400,1700,21
958,2020-04,2020-06,Massachusetts,4400,13500,630,5,870,540,4
959,2020-04,2020-06,Michigan,64000,85000,1500,2,11000,10000,12
960,2020-04,2020-06,Minnesota,59000,126000,13000,10,9000,2600,2
961,2020-04,2020-06,Mississippi,34000,37000,4500,12,1500,570,2
962,2020-04,2020-06,Missouri,6500,6500,390,6,2800,1200,18
963,2020-04,2020-06,Montana,48000,120000,2000,2,18000,16000,13
964,2020-04,2020-06,Nebraska,16500,41000,1900,5,7000,1100,3
965,2020-04,2020-06,New Jersey,7000,21000,710,3,1500,650,3
966,2020-04,2020-06,New Mexico,3100,6000,1000,17,400,40,1
967,2020-04,2020-06,New York,34000,58000,4000,7,6000,2800,5
968,2020-04,2020-06,North Carolina,24000,25000,1600,6,6000,1300,5
969,2020-04,2020-06,North Dakota,67000,415000,20000,5,53000,38000,9
970,2020-04,2020-06,Ohio,15500,16500,1700,10,9500,3700,22
971,2020-04,2020-06,Oklahoma,16000,16000,1500,9,6000,3100,19
972,2020-04,2020-06,Oregon,89000,96000,2500,3,11000,19000,20
973,2020-04,2020-06,Pennsylvania,24000,28000,930,3,5500,1500,5
974,2020-04,2020-06,South Carolina,18500,18500,1700,9,2700,2500,14
975,2020-04,2020-06,South Dakota,9500,220000,4600,2,10000,14500,7
976,2020-04,2020-06,Tennessee,13500,13500,1200,9,4200,3200,24
977,2020-04,2020-06,Texas,360000,385000,35000,9,15000,136000,35
978,2020-04,2020-06,Utah,21000,31000,2800,9,8500,13000,42
979,2020-04,2020-06,Vermont,7000,7000,200,3,680,110,2
980,2020-04,2020-06,Virginia,7500,8000,1200,15,4800,1300,16
981,2020-04,2020-06,Washington,50000,114000,3500,3,5000,3300,3
982,2020-04,2020-06,West Virginia,7500,7500,570,8,1600,1500,20
983,2020-04,2020-06,Wisconsin,27000,55000,1700,3,14000,4600,8
984,2020-04,2020-06,Wyoming,17500,30000,2000,7,4400,2100,7
985,2020-04,2020-06,Other States,6500,9840,260,3,1400,1500,15
986,2020-04,2020-06,United States,2972000,nan,300990,10,536170,626870,21
987,2020-07,2020-09,Alabama,9000,19000,3700,19,1800,990,5
988,2020-07,2020-09,Arizona,28000,30000,8000,27,2600,1800,6
989,2020-07,2020-09,Arkansas,19000,22000,1700,8,1500,390,2
990,2020-07,2020-09,California,640000,700000,69000,10,61000,108000,15
991,2020-07,2020-09,Colorado,29000,29000,7000,24,3800,5500,19
992,2020-07,2020-09,Connecticut,4700,4700,300,6,130,150,3
993,2020-07,2020-09,Florida,220000,230000,29000,13,36000,31000,13
994,2020-07,2020-09,Georgia,150000,163000,23000,14,22000,35000,21
995,2020-07,2020-09,Hawaii,18500,18500,500,3,4000,3400,18
996,2020-07,2020-09,Idaho,70000,85000,11000,13,18500,8500,10
997,2020-07,2020-09,Illinois,14000,14000,1400,10,770,690,5
998,2020-07,2020-09,Indiana,15000,15000,1600,11,1200,2700,18
999,2020-07,2020-09,Iowa,34000,38000,1800,5,1100,2900,8
1000,2020-07,2020-09,Kansas,7000,7000,910,13,600,730,10
1001,2020-07,2020-09,Kentucky,11500,12000,1400,12,800,510,4
1002,2020-07,2020-09,Louisiana,48000,48000,2600,5,1200,3100,6
1003,2020-07,2020-09,Maine,9500,10000,1500,15,700,820,8
1004,2020-07,2020-09,Maryland,7500,7500,690,9,1200,220,3
1005,2020-07,2020-09,Massachusetts,11000,11000,330,3,840,810,7
1006,2020-07,2020-09,Michigan,96000,106000,34000,32,37000,11000,10
1007,2020-07,2020-09,Minnesota,114000,119000,10500,9,1800,3700,3
1008,2020-07,2020-09,Mississippi,26000,29000,1600,6,2500,130,0
1009,2020-07,2020-09,Missouri,8000,8000,730,9,290,820,10
1010,2020-07,2020-09,Montana,138000,139000,8500,6,6500,28000,20
1011,2020-07,2020-09,Nebraska,47000,48000,4300,9,3000,3100,6
1012,2020-07,2020-09,New Jersey,17500,18500,2300,12,1500,1800,10
1013,2020-07,2020-09,New Mexico,5500,5500,1600,29,3300,760,14
1014,2020-07,2020-09,New York,61000,61000,3600,6,5500,1600,3
1015,2020-07,2020-09,North Carolina,26000,27000,4600,17,950,5500,20
1016,2020-07,2020-09,North Dakota,455000,495000,53000,11,57000,33000,7
1017,2020-07,2020-09,Ohio,22000,22000,1900,9,730,2100,10
1018,2020-07,2020-09,Oklahoma,7000,8000,1100,14,150,930,12
1019,2020-07,2020-09,Oregon,102000,124000,12000,10,13000,28000,23
1020,2020-07,2020-09,Pennsylvania,27000,27000,2200,8,2500,1200,4
1021,2020-07,2020-09,South Carolina,12000,13500,1800,13,1200,2200,16
1022,2020-07,2020-09,South Dakota,230000,235000,66000,28,30000,12500,5
1023,2020-07,2020-09,Tennessee,15000,15000,2200,15,460,860,6
1024,2020-07,2020-09,Texas,167000,173000,9500,5,9000,7500,4
1025,2020-07,2020-09,Utah,24000,30000,2000,7,1500,2300,8
1026,2020-07,2020-09,Vermont,7500,7500,210,3,700,180,2
1027,2020-07,2020-09,Virginia,8500,8500,1200,14,910,730,9
1028,2020-07,2020-09,Washington,94000,104000,7000,7,5000,8500,8
1029,2020-07,2020-09,West Virginia,8000,8000,540,7,210,800,10
1030,2020-07,2020-09,Wisconsin,68000,68000,8000,12,970,9000,13
1031,2020-07,2020-09,Wyoming,33000,34000,3600,11,640,7500,22
1032,2020-07,2020-09,Other States,10630,11630,2080,18,2230,700,6
1033,2020-07,2020-09,United States,3175330,nan,411490,13,348280,381620,12
1034,2020-10,2020-12,Alabama,17000,17000,1100,6,750,60,0
1035,2020-10,2020-12,Arizona,25000,27000,4000,15,5500,600,2
1036,2020-10,2020-12,Arkansas,22000,23000,2100,9,380,780,3
1037,2020-10,2020-12,California,700000,1400000,164000,12,120000,58000,4
1038,2020-10,2020-12,Colorado,19000,19000,5000,26,930,20,0
1039,2020-10,2020-12,Connecticut,4300,4600,500,11,20,20,0
1040,2020-10,2020-12,Florida,240000,290000,29000,10,50000,17500,6
1041,2020-10,2020-12,Georgia,165000,174000,30000,17,11000,11000,6
1042,2020-10,2020-12,Hawaii,22000,22000,2700,12,200,370,2
1043,2020-10,2020-12,Idaho,94000,180000,19000,11,8000,1700,1
1044,2020-10,2020-12,Illinois,13000,13000,1700,13,330,410,3
1045,2020-10,2020-12,Indiana,10000,11000,930,8,240,260,2
1046,2020-10,2020-12,Iowa,38000,38000,4800,13,700,850,2
1047,2020-10,2020-12,Kansas,6000,7000,2400,34,460,170,2
1048,2020-10,2020-12,Kentucky,11500,11500,1100,10,380,520,5
1049,2020-10,2020-12,Louisiana,46000,52000,1700,3,30,620,1
1050,2020-10,2020-12,Maine,9000,9000,100,1,180,250,3
1051,2020-10,2020-12,Maryland,6000,8000,980,12,60,460,6
1052,2020-10,2020-12,Massachusetts,10000,10000,390,4,270,90,1
1053,2020-10,2020-12,Michigan,97000,101000,10500,10,2400,1600,2
1054,2020-10,2020-12,Minnesota,99000,105000,9500,9,1200,340,0
1055,2020-10,2020-12,Mississippi,30000,37000,3800,10,300,30,0
1056,2020-10,2020-12,Missouri,6500,7000,750,11,20,110,2
1057,2020-10,2020-12,Montana,81000,92000,14000,15,3500,290,0
1058,2020-10,2020-12,Nebraska,43000,43000,7000,16,280,2500,6
1059,2020-10,2020-12,New Jersey,18000,18000,310,2,2000,480,3
1060,2020-10,2020-12,New Mexico,2400,3600,190,5,80,50,1
1061,2020-10,2020-12,New York,52000,52000,4100,8,2400,5000,10
1062,2020-10,2020-12,North Carolina,16500,22000,2500,11,200,9000,41
1063,2020-10,2020-12,North Dakota,445000,445000,45000,10,12500,nan,nan
1064,2020-10,2020-12,Ohio,21000,21000,1600,8,10,490,2
1065,2020-10,2020-12,Oklahoma,7000,28000,300,1,250,nan,nan
1066,2020-10,2020-12,Oregon,122000,123000,15500,13,7000,2600,2
1067,2020-10,2020-12,Pennsylvania,23000,25000,1900,8,580,440,2
1068,2020-10,2020-12,South Carolina,11500,18500,2600,14,270,210,1
1069,2020-10,2020-12,South Dakota,197000,197000,16000,8,1000,150,0
1070,2020-10,2020-12,Tennessee,13500,13500,680,5,20,640,5
1071,2020-10,2020-12,Texas,144000,255000,43000,17,27000,1700,1
1072,2020-10,2020-12,Utah,29000,29000,3800,13,1800,50,0
1073,2020-10,2020-12,Vermont,8000,8000,270,3,30,nan,nan
1074,2020-10,2020-12,Virginia,8000,8500,1000,12,70,450,5
1075,2020-10,2020-12,Washington,102000,103000,16500,16,6000,2000,2
1076,2020-10,2020-12,West Virginia,7500,7500,550,7,120,800,11
1077,2020-10,2020-12,Wisconsin,60000,60000,8000,13,2800,4700,8
1078,2020-10,2020-12,Wyoming,23000,25000,1600,6,160,380,2
1079,2020-10,2020-12,Other States,10640,10740,2470,23,80,1300,12
1080,2020-10,2020-12,United States,3135340,nan,484920,15,271500,128990,4
1081,2021-01,2021-03,Alabama,10000,10000,1100,11,670,200,2
1082,2021-01,2021-03,Arizona,28000,28000,6500,23,4500,4500,16
1083,2021-01,2021-03,Arkansas,21000,21000,4900,23,690,130,1
1084,2021-01,2021-03,California,1180000,1600000,275000,17,189000,84000,5
1085,2021-01,2021-03,Colorado,3000,16500,700,4,1000,30,0
1086,2021-01,2021-03,Connecticut,4200,4200,800,19,400,50,1
1087,2021-01,2021-03,Florida,300000,305000,31000,10,47000,17000,6
1088,2021-01,2021-03,Georgia,120000,120000,20000,17,34000,14500,12
1089,2021-01,2021-03,Hawaii,19500,19500,800,4,2300,1600,8
1090,2021-01,2021-03,Idaho,167000,193000,14500,8,11000,9000,5
1091,2021-01,2021-03,Illinois,11500,13000,3000,23,2500,200,2
1092,2021-01,2021-03,Indiana,10000,11000,2600,24,2400,20,0
1093,2021-01,2021-03,Iowa,15000,26000,2100,8,1100,30,0
1094,2021-01,2021-03,Kansas,5000,8000,1400,18,1000,10,0
1095,2021-01,2021-03,Kentucky,11000,11000,2100,19,1000,80,1
1096,2021-01,2021-03,Louisiana,51000,53000,7000,13,3600,3000,6
1097,2021-01,2021-03,Maine,2900,2900,300,10,60,80,3
1098,2021-01,2021-03,Maryland,7000,7000,1800,26,1300,240,3
1099,2021-01,2021-03,Massachusetts,5000,5000,980,20,30,90,2
1100,2021-01,2021-03,Michigan,78000,78000,1500,2,320,4100,5
1101,2021-01,2021-03,Minnesota,61000,73000,3200,4,1300,140,0
1102,2021-01,2021-03,Mississippi,31000,36000,5500,15,14000,70,0
1103,2021-01,2021-03,Missouri,5500,5500,900,16,110,40,1
1104,2021-01,2021-03,Montana,40000,51000,330,1,820,20,0
1105,2021-01,2021-03,Nebraska,11000,18000,640,4,930,nan,nan
1106,2021-01,2021-03,New Jersey,14000,14000,350,3,900,80,1
1107,2021-01,2021-03,New Mexico,3500,5500,270,5,170,nan,nan
1108,2021-01,2021-03,New York,30000,30000,4900,16,2600,380,1
1109,2021-01,2021-03,North Carolina,18000,24000,4000,17,1900,110,0
1110,2021-01,2021-03,North Dakota,51000,65000,180,0,2700,nan,nan
1111,2021-01,2021-03,Ohio,17500,17500,4000,23,120,20,0
1112,2021-01,2021-03,Oklahoma,28000,28000,2600,9,4100,360,1
1113,2021-01,2021-03,Oregon,76000,80000,3100,4,1600,610,1
1114,2021-01,2021-03,Pennsylvania,23000,24000,5500,23,1100,40,0
1115,2021-01,2021-03,South Carolina,15500,18000,1200,7,930,190,1
1116,2021-01,2021-03,South Dakota,28000,34000,450,1,nan,nan,nan
1117,2021-01,2021-03,Tennessee,12000,13500,2200,16,460,310,2
1118,2021-01,2021-03,Texas,240000,355000,30000,8,61000,13500,4
1119,2021-01,2021-03,Utah,17500,19500,2600,13,2700,nan,nan
1120,2021-01,2021-03,Vermont,7500,7500,1300,17,700,70,1
1121,2021-01,2021-03,Virginia,7500,7500,1400,19,1800,50,1
1122,2021-01,2021-03,Washington,48000,70000,5500,8,9500,850,1
1123,2021-01,2021-03,West Virginia,7000,9000,1200,13,200,460,5
1124,2021-01,2021-03,Wisconsin,42000,44000,2500,6,230,170,0
1125,2021-01,2021-03,Wyoming,13000,14500,2200,15,3000,1200,8
1126,2021-01,2021-03,Other States,6640,6640,540,8,750,70,1
1127,2021-01,2021-03,United States,2903240,nan,464640,16,417490,157600,5
1128,2021-04,2021-06,Alabama,9500,9500,2700,28,3400,930,10
1129,2021-04,2021-06,Arizona,26000,26000,4300,17,12000,3700,14
1130,2021-04,2021-06,Arkansas,12500,12500,1600,13,9000,5500,44
1131,2021-04,2021-06,California,1090000,1060000,114000,11,165000,180000,17
1132,2021-04,2021-06,Colorado,17000,25000,8500,34,6000,1100,4
1133,2021-04,2021-06,Connecticut,3800,4000,60,2,1100,340,9
1134,2021-04,2021-06,Florida,280000,300000,33000,11,53000,31000,10
1135,2021-04,2021-06,Georgia,134000,135000,21000,16,25000,18500,14
1136,2021-04,2021-06,Hawaii,21000,21000,490,2,490,1200,6
1137,2021-04,2021-06,Idaho,86000,120000,19500,16,40000,19000,16
1138,2021-04,2021-06,Illinois,12500,13000,1100,8,3700,2100,16
1139,2021-04,2021-06,Indiana,11000,13000,560,4,4000,1000,8
1140,2021-04,2021-06,Iowa,25000,29000,2200,8,11000,3900,13
1141,2021-04,2021-06,Kansas,7500,8000,1900,24,4800,1600,20
1142,2021-04,2021-06,Kentucky,10000,11500,270,2,2100,4500,39
1143,2021-04,2021-06,Louisiana,29000,29000,2300,8,8000,2000,7
1144,2021-04,2021-06,Maine,2200,18000,1100,6,430,260,1
1145,2021-04,2021-06,Maryland,6500,7500,320,4,2600,690,9
1146,2021-04,2021-06,Massachusetts,3700,12000,810,7,2000,310,3
1147,2021-04,2021-06,Michigan,74000,112000,3500,3,10000,8000,7
1148,2021-04,2021-06,Minnesota,69000,98000,5500,6,29000,4000,4
1149,2021-04,2021-06,Mississippi,34000,35000,4600,13,9500,8000,23
1150,2021-04,2021-06,Missouri,4800,4800,670,14,2300,670,14
1151,2021-04,2021-06,Montana,38000,116000,3200,3,13500,15500,13
1152,2021-04,2021-06,Nebraska,18500,37000,1800,5,9000,810,2
1153,2021-04,2021-06,New Jersey,14500,19500,410,2,1400,140,1
1154,2021-04,2021-06,New Mexico,5500,5500,670,12,560,2300,42
1155,2021-04,2021-06,New York,28000,50000,3000,6,15000,4100,8
1156,2021-04,2021-06,North Carolina,22000,23000,1700,7,6000,3300,14
1157,2021-04,2021-06,North Dakota,42000,495000,6000,1,11500,3600,1
1158,2021-04,2021-06,Ohio,13000,13500,820,6,8000,2400,18
1159,2021-04,2021-06,Oklahoma,17000,17000,3600,21,4200,190,1
1160,2021-04,2021-06,Oregon,60000,108000,3300,3,25000,19500,18
1161,2021-04,2021-06,Pennsylvania,20000,23000,2000,9,7000,2700,12
1162,2021-04,2021-06,South Carolina,18000,19000,1700,9,4200,4900,26
1163,2021-04,2021-06,South Dakota,16500,210000,7000,3,39000,19000,9
1164,2021-04,2021-06,Tennessee,12000,12000,720,6,4800,3400,28
1165,2021-04,2021-06,Texas,365000,425000,74000,17,67000,72000,17
1166,2021-04,2021-06,Utah,20000,31000,3800,12,9500,3700,12
1167,2021-04,2021-06,Vermont,7000,7000,40,1,770,570,8
1168,2021-04,2021-06,Virginia,8000,8500,530,6,3100,820,10
1169,2021-04,2021-06,Washington,66000,122000,2900,2,9500,2600,2
1170,2021-04,2021-06,West Virginia,8000,9000,170,2,1900,390,4
1171,2021-04,2021-06,Wisconsin,42000,57000,2100,4,10000,7500,13
1172,2021-04,2021-06,Wyoming,13500,30000,2700,9,7500,4900,16
1173,2021-04,2021-06,Other States,6020,8460,140,2,2880,3130,37
1174,2021-04,2021-06,United States,2829520,nan,352280,12,665730,475750,17
1175,2021-07,2021-09,Alabama,9500,9500,1400,15,950,280,3
1176,2021-07,2021-09,Arizona,31000,31000,6500,21,2000,2300,7
1177,2021-07,2021-09,Arkansas,20000,20000,1800,9,2400,1700,9
1178,2021-07,2021-09,California,650000,680000,25000,4,47000,51000,8
1179,2021-07,2021-09,Colorado,22000,22000,1700,8,1500,750,3
1180,2021-07,2021-09,Connecticut,4200,4200,120,3,140,170,4
1181,2021-07,2021-09,Florida,235000,255000,39000,15,34000,27000,11
1182,2021-07,2021-09,Georgia,116000,123000,22000,18,28000,35000,28
1183,2021-07,2021-09,Hawaii,21000,21000,1100,5,100,520,2
1184,2021-07,2021-09,Idaho,86000,135000,3500,3,7000,3000,2
1185,2021-07,2021-09,Illinois,14500,14500,680,5,640,1200,8
1186,2021-07,2021-09,Indiana,16500,16500,1700,10,770,1400,8
1187,2021-07,2021-09,Iowa,37000,54000,4500,8,1000,130,0
1188,2021-07,2021-09,Kansas,9000,9000,1600,18,500,1300,14
1189,2021-07,2021-09,Kentucky,10500,10500,1100,10,900,740,7
1190,2021-07,2021-09,Louisiana,29000,31000,2300,7,1300,2800,9
1191,2021-07,2021-09,Maine,10000,10000,1400,14,380,210,2
1192,2021-07,2021-09,Maryland,6000,6000,490,8,300,170,3
1193,2021-07,2021-09,Massachusetts,13000,13000,1100,8,1700,1200,9
1194,2021-07,2021-09,Michigan,120000,120000,8500,7,7500,4800,4
1195,2021-07,2021-09,Minnesota,106000,106000,7000,7,5000,1300,1
1196,2021-07,2021-09,Mississippi,18500,18500,1900,10,770,310,2
1197,2021-07,2021-09,Missouri,6500,7000,480,7,420,900,13
1198,2021-07,2021-09,Montana,103000,114000,6000,5,870,7500,7
1199,2021-07,2021-09,Nebraska,45000,49000,6000,12,1200,1800,4
1200,2021-07,2021-09,New Jersey,19500,19500,400,2,390,480,2
1201,2021-07,2021-09,New Mexico,5500,5500,30,1,40,130,2
1202,2021-07,2021-09,New York,62000,67000,5500,8,2200,5000,7
1203,2021-07,2021-09,North Carolina,23000,25000,3000,12,3800,2200,9
1204,2021-07,2021-09,North Dakota,510000,580000,67000,12,7500,14500,3
1205,2021-07,2021-09,Ohio,21000,21000,1700,8,1300,4100,20
1206,2021-07,2021-09,Oklahoma,3300,3300,260,8,340,20,1
1207,2021-07,2021-09,Oregon,130000,132000,14000,11,9000,13500,10
1208,2021-07,2021-09,Pennsylvania,25000,28000,1600,6,740,980,4
1209,2021-07,2021-09,South Carolina,17000,20000,2200,11,2500,460,2
1210,2021-07,2021-09,South Dakota,230000,235000,29000,12,7000,3100,1
1211,2021-07,2021-09,Tennessee,13500,15500,1100,7,850,740,5
1212,2021-07,2021-09,Texas,138000,144000,4000,3,3100,6000,4
1213,2021-07,2021-09,Utah,37000,37000,2900,8,2200,1900,5
1214,2021-07,2021-09,Vermont,7000,7000,10,0,310,100,1
1215,2021-07,2021-09,Virginia,10500,10500,890,8,530,750,7
1216,2021-07,2021-09,Washington,72000,79000,4900,6,4300,15500,20
1217,2021-07,2021-09,West Virginia,8000,8000,570,7,320,220,3
1218,2021-07,2021-09,Wisconsin,66000,66000,7000,11,1500,4300,7
1219,2021-07,2021-09,Wyoming,27000,36000,2200,6,430,3900,11
1220,2021-07,2021-09,Other States,8890,10990,530,5,210,1460,13
1221,2021-07,2021-09,United States,3173390,nan,295660,9,194900,226820,7
1222,2021-10,2021-12,Alabama,9000,9000,1100,12,360,10,0
1223,2021-10,2021-12,Arizona,23000,23000,5500,24,7500,nan,nan
1224,2021-10,2021-12,Arkansas,18000,18000,480,3,920,100,1
1225,2021-10,2021-12,California,640000,1210000,50000,4,15000,29000,2
1226,2021-10,2021-12,Colorado,12000,13000,1600,12,200,nan,0
1227,2021-10,2021-12,Connecticut,4000,4000,180,5,140,130,3
1228,2021-10,2021-12,Florida,255000,310000,38000,12,20000,11000,4
1229,2021-10,2021-12,Georgia,131000,132000,24000,18,12500,12000,9
1230,2021-10,2021-12,Hawaii,20000,20000,100,1,1100,530,3
1231,2021-10,2021-12,Idaho,141000,230000,22000,10,250,4300,2
1232,2021-10,2021-12,Illinois,12500,12500,1300,10,180,810,6
1233,2021-10,2021-12,Indiana,14500,14500,1700,12,130,2400,17
1234,2021-10,2021-12,Iowa,51000,51000,4000,8,170,90,0
1235,2021-10,2021-12,Kansas,8000,8000,2100,26,140,50,1
1236,2021-10,2021-12,Kentucky,10500,10500,880,8,120,460,4
1237,2021-10,2021-12,Louisiana,30000,36000,2800,8,1400,1300,4
1238,2021-10,2021-12,Maine,5500,5500,700,13,70,160,3
1239,2021-10,2021-12,Maryland,5500,6000,720,12,1200,nan,nan
1240,2021-10,2021-12,Massachusetts,10500,10500,290,3,20,50,0
1241,2021-10,2021-12,Michigan,105000,105000,6000,6,140,2200,2
1242,2021-10,2021-12,Minnesota,100000,100000,10500,11,4900,350,0
1243,2021-10,2021-12,Mississippi,15500,23000,3000,13,30,240,1
1244,2021-10,2021-12,Missouri,6000,7500,590,8,190,120,2
1245,2021-10,2021-12,Montana,92000,102000,17000,17,3200,8000,8
1246,2021-10,2021-12,Nebraska,43000,43000,7500,17,10,250,1
1247,2021-10,2021-12,New Jersey,19500,19500,430,2,350,nan,nan
1248,2021-10,2021-12,New Mexico,5500,5500,1900,35,2000,nan,nan
1249,2021-10,2021-12,New York,65000,66000,21000,32,440,26000,39
1250,2021-10,2021-12,North Carolina,21000,22000,2100,10,260,360,2
1251,2021-10,2021-12,North Dakota,485000,485000,27000,6,11000,8000,2
1252,2021-10,2021-12,Ohio,13500,17000,1600,9,300,460,3
1253,2021-10,2021-12,Oklahoma,3300,21000,1400,7,230,950,5
1254,2021-10,2021-12,Oregon,103000,103000,10500,10,680,29000,28
1255,2021-10,2021-12,Pennsylvania,26000,26000,2400,9,250,150,1
1256,2021-10,2021-12,South Carolina,20000,21000,3200,15,70,150,1
1257,2021-10,2021-12,South Dakota,190000,190000,11500,6,1400,120,0
1258,2021-10,2021-12,Tennessee,15500,15500,1400,9,20,1200,8
1259,2021-10,2021-12,Texas,146000,290000,23000,8,2100,1700,1
1260,2021-10,2021-12,Utah,37000,37000,3200,9,1500,1400,4
1261,2021-10,2021-12,Vermont,7000,7000,40,1,nan,50,1
1262,2021-10,2021-12,Virginia,8500,8500,930,11,160,210,2
1263,2021-10,2021-12,Washington,79000,83000,6500,8,1400,2300,3
1264,2021-10,2021-12,West Virginia,7500,7500,560,7,10,100,1
1265,2021-10,2021-12,Wisconsin,47000,47000,5500,12,1100,150,0
1266,2021-10,2021-12,Wyoming,21000,22000,2400,11,660,560,3
1267,2021-10,2021-12,Other States,8990,8990,510,6,140,110,1
1268,2021-10,2021-12,United States,3091790,nan,329110,11,93940,146520,5
1269,2022-01,2022-03,Alabama,8000,11500,1100,10,1600,520,5
1270,2022-01,2022-03,Arizona,25000,28000,2300,8,4700,10,0
1271,2022-01,2022-03,Arkansas,18500,21000,2600,12,780,20,0
1272,2022-01,2022-03,California,1020000,1330000,163000,12,139000,95000,7
1273,2022-01,2022-03,Colorado,3800,8500,540,6,nan,10,0
1274,2022-01,2022-03,Connecticut,4000,4000,420,11,500,170,4
1275,2022-01,2022-03,Florida,295000,295000,24000,8,50000,13500,5
1276,2022-01,2022-03,Georgia,118000,119000,14000,12,26000,18000,15
1277,2022-01,2022-03,Hawaii,21000,21000,1600,8,2600,1000,5
1278,2022-01,2022-03,Idaho,194000,215000,8000,4,7500,1000,0
1279,2022-01,2022-03,Illinois,11500,11500,2200,19,900,140,1
1280,2022-01,2022-03,Indiana,11000,11000,2900,26,130,30,0
1281,2022-01,2022-03,Iowa,26000,29000,2800,10,610,30,0
1282,2022-01,2022-03,Kansas,5000,5000,520,10,140,60,1
1283,2022-01,2022-03,Kentucky,8500,9500,1300,14,50,160,2
1284,2022-01,2022-03,Louisiana,35000,42000,6000,14,7000,2200,5
1285,2022-01,2022-03,Maine,3100,7000,340,5,300,120,2
1286,2022-01,2022-03,Maryland,6500,7500,1900,25,1800,1000,13
1287,2022-01,2022-03,Massachusetts,6000,6000,950,16,350,510,9
1288,2022-01,2022-03,Michigan,66000,77000,4500,6,1400,2500,3
1289,2022-01,2022-03,Minnesota,95000,98000,1500,2,6000,80,0
1290,2022-01,2022-03,Mississippi,20000,38000,3300,9,12000,2100,6
1291,2022-01,2022-03,Missouri,7000,11000,730,7,310,570,5
1292,2022-01,2022-03,Montana,45000,54000,300,1,30,nan,0
1293,2022-01,2022-03,Nebraska,24000,30000,840,3,30,nan,nan
1294,2022-01,2022-03,New Jersey,15000,15000,550,4,1500,30,0
1295,2022-01,2022-03,New Mexico,5500,8000,1900,24,1000,nan,nan
1296,2022-01,2022-03,New York,44000,44000,5500,13,370,730,2
1297,2022-01,2022-03,North Carolina,20000,24000,2300,10,3100,520,2
1298,2022-01,2022-03,North Dakota,75000,89000,120,0,300,nan,nan
1299,2022-01,2022-03,Ohio,16000,16000,1800,11,30,530,3
1300,2022-01,2022-03,Oklahoma,20000,20000,3000,15,50,3500,18
1301,2022-01,2022-03,Oregon,92000,95000,5000,5,2400,310,0
1302,2022-01,2022-03,Pennsylvania,23000,25000,2800,11,470,360,1
1303,2022-01,2022-03,South Carolina,17000,20000,2500,13,4500,830,4
1304,2022-01,2022-03,South Dakota,21000,28000,1000,4,40,nan,nan
1305,2022-01,2022-03,Tennessee,10500,10500,2300,22,1300,200,2
1306,2022-01,2022-03,Texas,270000,400000,37000,9,80000,34000,9
1307,2022-01,2022-03,Utah,28000,32000,4100,13,4600,740,2
1308,2022-01,2022-03,Vermont,7000,8000,380,5,nan,nan,nan
1309,2022-01,2022-03,Virginia,7500,10000,1700,17,940,200,2
1310,2022-01,2022-03,Washington,70000,102000,7500,7,1400,6000,6
1311,2022-01,2022-03,West Virginia,5500,5500,1000,18,420,200,4
1312,2022-01,2022-03,Wisconsin,39000,53000,2800,5,1400,240,0
1313,2022-01,2022-03,Wyoming,6000,8000,180,2,20,nan,nan
1314,2022-01,2022-03,Other States,6870,7230,710,10,320,60,1
1315,2022-01,2022-03,United States,2875770,nan,331780,12,367890,187180,7
1316,2022-04,2022-06,Alabama,12000,12000,1300,11,4600,1900,16
1317,2022-04,2022-06,Arizona,31000,32000,3100,10,17500,2800,9
1318,2022-04,2022-06,Arkansas,19000,22000,2800,13,5000,1100,5
1319,2022-04,2022-06,California,980000,1030000,82000,8,154000,121000,12
1320,2022-04,2022-06,Colorado,8000,19500,1400,7,7500,2300,12
1321,2022-04,2022-06,Connecticut,4100,4100,30,1,130,30,1
1322,2022-04,2022-06,Florida,290000,300000,34000,11,40000,39000,13
1323,2022-04,2022-06,Georgia,132000,134000,25000,19,27000,47000,35
1324,2022-04,2022-06,Hawaii,22000,22000,420,2,2200,2100,10
1325,2022-04,2022-06,Idaho,103000,111000,14500,13,35000,8500,8
1326,2022-04,2022-06,Illinois,9000,9500,1100,12,4300,2100,22
1327,2022-04,2022-06,Indiana,8000,10000,1600,16,5500,620,6
1328,2022-04,2022-06,Iowa,27000,28000,2300,8,5000,2400,9
1329,2022-04,2022-06,Kansas,4600,4900,650,13,6000,580,12
1330,2022-04,2022-06,Kentucky,6500,10500,610,6,3600,460,4
1331,2022-04,2022-06,Louisiana,43000,43000,1900,4,8500,11500,27
1332,2022-04,2022-06,Maine,7000,19000,890,5,1300,300,2
1333,2022-04,2022-06,Maryland,7500,8500,390,5,1600,1100,13
1334,2022-04,2022-06,Massachusetts,5500,14000,290,2,1200,910,7
1335,2022-04,2022-06,Michigan,74000,90000,3200,4,13000,3500,4
1336,2022-04,2022-06,Minnesota,102000,110000,1500,1,6000,2000,2
1337,2022-04,2022-06,Mississippi,46000,47000,4000,9,16000,7000,15
1338,2022-04,2022-06,Missouri,10500,10500,1500,14,6000,4800,46
1339,2022-04,2022-06,Montana,38000,102000,970,1,5500,8000,8
1340,2022-04,2022-06,Nebraska,19000,45000,2400,5,8000,5000,11
1341,2022-04,2022-06,New Jersey,16000,19000,140,1,2600,70,0
1342,2022-04,2022-06,New Mexico,7000,7000,1600,23,4200,2200,31
1343,2022-04,2022-06,New York,35000,53000,2000,4,6000,4400,8
1344,2022-04,2022-06,North Carolina,25000,30000,1200,4,7500,3300,11
1345,2022-04,2022-06,North Dakota,90000,455000,16500,4,12000,9000,2
1346,2022-04,2022-06,Ohio,14500,14500,400,3,4300,1200,8
1347,2022-04,2022-06,Oklahoma,12500,20000,1100,6,10500,2100,11
1348,2022-04,2022-06,Oregon,94000,96000,4200,4,12500,19500,20
1349,2022-04,2022-06,Pennsylvania,23000,24000,730,3,7000,2300,10
1350,2022-04,2022-06,South Carolina,22000,23000,2500,11,3500,3200,14
1351,2022-04,2022-06,South Dakota,13500,184000,4100,2,2100,19000,10
1352,2022-04,2022-06,Tennessee,9500,11500,4400,38,9000,1200,10
1353,2022-04,2022-06,Texas,345000,415000,41000,10,83000,114000,27
1354,2022-04,2022-06,Utah,23000,29000,4300,15,8500,5000,17
1355,2022-04,2022-06,Vermont,7500,8500,150,2,3300,160,2
1356,2022-04,2022-06,Virginia,9000,10500,580,6,2900,680,6
1357,2022-04,2022-06,Washington,97000,109000,6000,6,12500,23000,21
1358,2022-04,2022-06,West Virginia,5000,7500,260,3,2400,2600,35
1359,2022-04,2022-06,Wisconsin,52000,62000,1600,3,6000,1300,2
1360,2022-04,2022-06,Wyoming,8000,23000,1900,8,4500,1800,8
1361,2022-04,2022-06,Other States,4390,4690,120,3,900,400,9
1362,2022-04,2022-06,United States,2921590,nan,282630,10,589630,492410,17
